date,temp_nasa,rh_nasa,wind_nasa,solar_nasa
2020-01-01,22.9,74.47,3.41,3.2345
2020-01-02,23.45,73.02,3.31,4.0279
2020-01-03,23.88,72.03,2.72,4.9488
2020-01-04,24.38,72.06,2.04,4.745
2020-01-05,24.15,74.21,2.63,4.6673
2020-01-06,23.64,72.34,4.55,3.7903
2020-01-07,22.47,70.75,4.36,4.9126
2020-01-08,22.33,69.04,2.82,5.6791
2020-01-09,22.58,69.05,2.56,5.4005
2020-01-10,21.96,71.28,4.44,5.5524
2020-01-11,21.19,65.59,4.24,6.0418
2020-01-12,21.36,68.71,3.89,5.4324
2020-01-13,21.96,68.12,1.9,5.1994
2020-01-14,21.46,63.42,2.89,5.7816
2020-01-15,20.44,60.38,3.52,5.9974
2020-01-16,20.43,64.36,3.36,5.9659
2020-01-17,21.52,66.75,3.71,5.8462
2020-01-18,23.1,71.85,4.33,4.3253
2020-01-19,23.48,68.94,3.46,5.0335
2020-01-20,23.02,61.73,4.01,5.8985
2020-01-21,21.87,59.43,4.22,6.1747
2020-01-22,21.97,64.36,4.73,6.1577
2020-01-23,22.6,62.42,4.38,6.0622
2020-01-24,22.12,56.4,3.85,6.3374
2020-01-25,21.42,50.77,3.33,6.4589
2020-01-26,22.09,54.92,3.19,6.4049
2020-01-27,22.83,54.76,3.07,6.1754
2020-01-28,23.76,56.05,3.32,5.9141
2020-01-29,23.81,56.6,2.84,6.2148
2020-01-30,24.26,55.7,2.26,6.2995
2020-01-31,24.1,56.0,3.18,6.3
2020-02-01,23.78,60.85,4.82,5.8836
2020-02-02,23.64,58.44,4.84,5.9791
2020-02-03,23.56,55.58,4.11,6.4126
2020-02-04,23.61,57.31,4.07,6.3211
2020-02-05,23.76,57.31,3.69,5.4391
2020-02-06,24.04,54.94,3.1,5.6782
2020-02-07,24.51,56.61,3.74,5.3182
2020-02-08,25.4,51.98,2.75,5.8445
2020-02-09,24.3,58.96,4.58,5.4271
2020-02-10,24.52,55.74,5.19,5.7974
2020-02-11,24.09,55.04,5.51,6.5021
2020-02-12,23.36,52.52,4.79,5.7079
2020-02-13,23.71,50.17,3.77,6.575
2020-02-14,24.31,48.29,2.59,6.4553
2020-02-15,24.72,39.26,2.66,6.6122
2020-02-16,24.08,37.45,3.98,6.8246
2020-02-17,23.31,36.45,3.88,7.0543
2020-02-18,23.72,45.81,4.32,7.0087
2020-02-19,24.3,52.06,3.77,6.5297
2020-02-20,24.14,46.66,4.42,6.9444
2020-02-21,23.92,44.1,4.33,7.0771
2020-02-22,24.36,52.06,4.39,6.84
2020-02-23,25.06,49.12,4.18,6.1128
2020-02-24,25.39,50.2,4.23,5.2531
2020-02-25,25.86,49.88,3.09,6.7718
2020-02-26,26.47,52.76,3.94,6.2582
2020-02-27,25.84,55.98,3.65,5.3878
2020-02-28,26.17,52.54,4.47,5.447
2020-02-29,26.53,50.11,3.82,6.1402
2020-03-01,26.96,49.61,3.77,6.161
2020-03-02,26.22,52.17,2.31,4.2005
2020-03-03,27.66,47.46,2.23,5.651
2020-03-04,27.98,47.82,1.39,5.3194
2020-03-05,27.55,50.19,3.95,5.7499
2020-03-06,27.23,52.74,3.38,5.5457
2020-03-07,25.12,64.66,3.49,5.0498
2020-03-08,27.45,56.57,3.39,5.7888
2020-03-09,27.77,51.25,3.36,5.6388
2020-03-10,27.82,41.35,3.8,6.5527
2020-03-11,27.55,45.62,3.4,6.6698
2020-03-12,27.49,38.87,3.69,6.8359
2020-03-13,26.77,37.82,4.27,7.1986
2020-03-14,27.04,46.07,4.01,7.3507
2020-03-15,27.67,48.5,4.27,7.1602
2020-03-16,27.78,47.28,4.45,7.051
2020-03-17,27.15,44.42,5.09,7.4098
2020-03-18,26.86,39.12,4.3,7.5163
2020-03-19,27.67,36.58,2.98,7.2842
2020-03-20,27.68,41.86,2.96,5.5891
2020-03-21,28.43,38.96,2.59,6.6432
2020-03-22,29.08,39.06,2.54,6.5832
2020-03-23,28.9,40.77,3.49,5.2282
2020-03-24,28.3,39.59,3.96,6.7022
2020-03-25,27.52,46.03,4.21,6.0314
2020-03-26,27.58,44.67,4.73,6.7706
2020-03-27,26.97,45.85,4.39,7.1666
2020-03-28,26.95,36.73,4.15,7.4393
2020-03-29,27.1,32.77,3.99,7.5754
2020-03-30,27.53,32.87,4.73,7.644
2020-03-31,27.62,34.73,4.49,7.5634
2020-04-01,28.3,37.97,4.14,7.5744
2020-04-02,29.21,38.23,4.02,7.321
2020-04-03,28.88,39.58,4.57,7.3682
2020-04-04,28.27,41.6,3.85,7.6745
2020-04-05,29.15,47.38,3.98,7.2406
2020-04-06,28.42,53.76,2.53,5.9726
2020-04-07,24.66,64.53,2.69,4.3315
2020-04-08,27.53,53.9,1.25,6.0852
2020-04-09,26.7,61.57,3.08,6.3835
2020-04-10,26.86,55.4,3.79,6.0046
2020-04-11,26.52,55.21,4.05,7.0644
2020-04-12,27.21,47.92,3.83,7.278
2020-04-13,27.78,41.07,4.66,7.3046
2020-04-14,27.54,35.37,5.29,7.7126
2020-04-15,27.19,38.87,3.94,7.7942
2020-04-16,28.34,45.84,4.12,7.4592
2020-04-17,29.48,46.87,4.39,7.0402
2020-04-18,29.78,45.41,4.85,6.6456
2020-04-19,29.34,46.8,5.14,7.0226
2020-04-20,28.78,45.44,4.84,7.5646
2020-04-21,28.88,39.62,3.35,7.5672
2020-04-22,29.84,46.22,3.3,6.6914
2020-04-23,30.2,47.33,2.8,6.5873
2020-04-24,28.8,55.44,2.37,5.1761
2020-04-25,27.87,62.28,2.28,5.5548
2020-04-26,28.37,56.88,4.01,5.6143
2020-04-27,27.47,60.22,2.72,5.5222
2020-04-28,26.61,71.49,2.93,5.7866
2020-04-29,23.42,79.26,3.56,3.0828
2020-04-30,27.24,60.38,2.97,6.9223
2020-05-01,27.99,60.05,2.57,6.5638
2020-05-02,28.72,57.0,2.34,6.0583
2020-05-03,28.56,55.36,2.84,6.4217
2020-05-04,29.79,49.48,3.07,7.0392
2020-05-05,29.44,50.8,3.22,6.9972
2020-05-06,28.44,55.64,3.07,6.0559
2020-05-07,28.37,59.4,1.97,5.755
2020-05-08,28.37,57.61,2.84,6.0317
2020-05-09,29.52,49.17,4.02,7.2509
2020-05-10,28.75,49.7,4.43,6.8566
2020-05-11,28.58,49.49,4.32,5.9592
2020-05-12,27.77,53.57,3.62,6.3485
2020-05-13,29.06,39.19,3.02,6.1896
2020-05-14,29.42,46.45,3.53,6.5933
2020-05-15,30.03,39.97,3.54,6.3679
2020-05-16,30.25,40.33,3.96,5.1895
2020-05-17,28.65,54.06,3.06,5.4322
2020-05-18,25.75,70.22,7.26,5.0626
2020-05-19,27.45,61.87,7.48,5.5555
2020-05-20,28.54,57.06,5.9,6.1322
2020-05-21,28.75,55.83,4.87,6.667
2020-05-22,28.85,49.33,5.08,6.456
2020-05-23,30.62,42.06,2.43,6.2522
2020-05-24,30.82,45.97,3.32,6.7138
2020-05-25,28.98,61.46,2.11,6.6365
2020-05-26,28.8,64.73,2.39,6.6386
2020-05-27,27.39,73.56,2.63,5.9909
2020-05-28,27.16,71.57,2.63,6.6722
2020-05-29,24.53,80.29,3.46,6.8846
2020-05-30,25.68,72.94,1.9,5.6004
2020-05-31,26.36,70.31,3.32,6.1913
2020-06-01,25.15,77.56,3.35,5.7701
2020-06-02,25.15,72.43,4.22,5.6009
2020-06-03,24.3,77.64,4.88,5.4535
2020-06-04,24.02,78.72,4.83,5.5493
2020-06-05,25.25,71.74,4.64,6.0542
2020-06-06,24.44,75.63,4.44,5.9801
2020-06-07,25.87,66.94,5.2,5.5471
2020-06-08,25.05,65.29,5.84,6.5184
2020-06-09,25.28,60.98,5.5,6.091
2020-06-10,25.65,69.2,6.42,5.3026
2020-06-11,23.66,79.47,6.47,4.2274
2020-06-12,23.45,74.27,7.75,4.4018
2020-06-13,24.58,67.73,7.46,5.04
2020-06-14,24.0,70.56,8.04,5.4034
2020-06-15,25.78,69.53,6.74,5.6966
2020-06-16,25.49,71.59,6.63,5.1852
2020-06-17,24.61,75.14,6.0,4.1702
2020-06-18,24.59,71.15,6.16,4.1693
2020-06-19,24.38,70.6,5.54,5.6662
2020-06-20,24.55,68.52,5.54,5.6314
2020-06-21,25.11,69.26,5.4,5.694
2020-06-22,24.33,70.86,5.9,5.8495
2020-06-23,24.07,66.03,5.18,6.1884
2020-06-24,24.52,71.79,3.92,6.3497
2020-06-25,23.82,81.57,1.95,5.7286
2020-06-26,24.3,80.08,2.77,5.3011
2020-06-27,23.79,84.36,3.41,5.5315
2020-06-28,23.98,85.66,4.0,4.8202
2020-06-29,23.74,86.5,3.33,4.6474
2020-06-30,23.74,83.26,4.05,5.6047
2020-07-01,23.0,81.09,5.02,5.0206
2020-07-02,22.14,82.79,6.41,3.8534
2020-07-03,22.49,84.76,5.96,4.9865
2020-07-04,23.18,79.35,7.29,4.513
2020-07-05,22.36,79.64,6.55,4.0426
2020-07-06,23.37,79.56,5.95,4.3253
2020-07-07,23.2,80.51,6.03,5.3359
2020-07-08,22.58,87.31,3.42,4.7712
2020-07-09,22.4,87.5,3.11,5.7799
2020-07-10,22.89,82.82,3.51,4.4544
2020-07-11,22.67,83.92,3.18,5.8025
2020-07-12,23.64,83.22,3.68,6.1562
2020-07-13,22.78,84.59,3.72,5.2937
2020-07-14,22.95,85.22,4.37,4.0553
2020-07-15,22.87,83.14,5.51,3.5616
2020-07-16,22.76,83.55,5.37,3.5496
2020-07-17,22.76,83.34,4.56,3.5664
2020-07-18,23.48,82.59,2.93,4.6315
2020-07-19,23.63,81.2,2.57,5.1804
2020-07-20,23.17,87.36,2.95,5.4648
2020-07-21,23.83,81.11,2.53,6.78
2020-07-22,23.77,82.51,3.02,5.839
2020-07-23,23.25,85.64,1.25,5.4989
2020-07-24,23.35,83.97,2.76,3.9386
2020-07-25,22.66,83.72,2.34,5.4946
2020-07-26,22.35,83.94,4.02,5.2961
2020-07-27,23.24,80.8,4.48,5.9297
2020-07-28,23.29,84.96,3.7,5.8102
2020-07-29,22.27,88.98,3.49,3.366
2020-07-30,22.73,90.38,3.06,5.2687
2020-07-31,23.08,85.49,3.17,5.2519
2020-08-01,22.58,87.63,4.25,4.5209
2020-08-02,22.03,89.32,5.54,4.9162
2020-08-03,22.73,85.0,6.84,3.6432
2020-08-04,22.3,83.42,8.47,3.0629
2020-08-05,22.59,83.12,9.82,3.7222
2020-08-06,23.96,81.94,7.89,4.3046
2020-08-07,23.56,83.79,7.01,4.0361
2020-08-08,22.51,84.63,6.41,4.1198
2020-08-09,21.87,86.26,5.87,3.4442
2020-08-10,22.33,86.08,4.59,4.3457
2020-08-11,22.97,83.58,5.36,4.1762
2020-08-12,22.65,84.96,5.47,4.0426
2020-08-13,22.65,84.07,5.3,4.9558
2020-08-14,22.6,83.16,5.82,3.8268
2020-08-15,22.95,81.8,6.05,3.791
2020-08-16,23.08,83.38,5.38,2.4701
2020-08-17,23.19,83.77,5.02,3.7464
2020-08-18,23.43,83.48,5.03,4.2571
2020-08-19,23.23,83.9,4.97,3.9821
2020-08-20,23.11,83.62,5.06,3.8623
2020-08-21,23.48,83.13,4.56,4.6135
2020-08-22,23.57,84.3,3.93,5.4228
2020-08-23,23.27,85.14,3.12,4.717
2020-08-24,23.91,81.95,2.52,5.3743
2020-08-25,24.36,78.41,2.43,6.7898
2020-08-26,23.34,83.14,2.5,5.3866
2020-08-27,23.27,81.86,3.03,5.6844
2020-08-28,23.72,77.83,3.36,6.9991
2020-08-29,24.32,78.54,3.35,6.9439
2020-08-30,23.94,82.97,2.61,6.2784
2020-08-31,23.69,84.14,2.83,5.6227
2020-09-01,22.44,89.98,4.31,5.1396
2020-09-02,22.4,91.18,4.29,3.3914
2020-09-03,22.88,87.99,2.88,4.4666
2020-09-04,23.86,84.27,2.41,5.3242
2020-09-05,24.15,83.49,2.56,4.4822
2020-09-06,23.79,86.35,2.21,4.9126
2020-09-07,23.32,87.11,3.41,5.2342
2020-09-08,23.73,82.57,2.0,5.603
2020-09-09,23.29,86.64,2.93,4.9075
2020-09-10,22.0,89.57,2.47,4.6118
2020-09-11,21.92,88.22,5.49,4.0985
2020-09-12,21.25,88.17,5.26,3.4114
2020-09-13,20.61,86.31,5.58,2.9513
2020-09-14,21.65,82.84,6.25,3.7538
2020-09-15,22.46,84.51,5.16,4.1633
2020-09-16,22.9,85.4,4.86,4.4275
2020-09-17,22.86,84.72,4.7,5.0448
2020-09-18,22.39,86.2,5.75,4.6742
2020-09-19,22.23,87.62,5.75,3.6154
2020-09-20,20.89,87.42,7.74,2.6986
2020-09-21,20.96,84.69,8.04,4.0522
2020-09-22,20.78,81.51,7.0,3.7769
2020-09-23,21.84,81.49,5.43,5.3971
2020-09-24,22.16,82.21,4.38,5.3213
2020-09-25,21.62,87.8,2.56,5.4247
2020-09-26,20.56,90.92,4.37,3.4838
2020-09-27,21.91,86.51,3.09,4.8427
2020-09-28,23.13,84.05,2.83,5.5474
2020-09-29,22.87,88.84,3.5,4.783
2020-09-30,21.98,89.06,3.82,4.5739
2020-10-01,21.7,83.0,4.37,5.8486
2020-10-02,22.67,83.55,2.66,5.3808
2020-10-03,22.32,87.43,4.28,5.3964
2020-10-04,21.21,88.17,4.15,4.3543
2020-10-05,22.19,83.11,3.94,5.5855
2020-10-06,22.85,83.22,2.94,6.1733
2020-10-07,23.07,85.24,3.02,5.6129
2020-10-08,22.61,83.94,2.06,5.574
2020-10-09,23.04,82.39,1.18,4.6536
2020-10-10,22.27,92.1,2.94,5.2008
2020-10-11,21.59,89.92,4.07,3.2066
2020-10-12,21.72,89.01,5.17,2.9688
2020-10-13,21.1,92.11,5.38,2.669
2020-10-14,21.4,86.4,6.56,3.895
2020-10-15,21.76,87.14,4.92,4.9582
2020-10-16,22.2,85.7,3.06,5.939
2020-10-17,21.89,80.82,1.89,5.0064
2020-10-18,22.34,86.43,1.85,4.0944
2020-10-19,22.12,90.27,2.22,4.0258
2020-10-20,22.16,89.89,2.28,2.7972
2020-10-21,22.28,89.87,2.4,3.6094
2020-10-22,22.08,89.96,2.17,4.3627
2020-10-23,22.14,90.8,2.02,3.8369
2020-10-24,22.48,88.97,1.91,3.9502
2020-10-25,22.88,82.45,1.27,4.6457
2020-10-26,22.66,83.5,1.9,5.7588
2020-10-27,21.55,84.09,2.75,5.5627
2020-10-28,21.29,84.62,3.0,5.7504
2020-10-29,20.89,86.68,3.03,4.8434
2020-10-30,21.39,82.93,2.68,5.569
2020-10-31,21.95,78.4,2.1,5.4931
2020-11-01,22.27,79.5,1.73,5.4089
2020-11-02,22.58,83.66,1.95,4.7222
2020-11-03,22.59,84.78,2.62,4.7863
2020-11-04,22.92,86.05,2.6,4.3217
2020-11-05,22.52,85.14,3.05,4.6877
2020-11-06,22.45,84.81,2.82,5.4072
2020-11-07,22.78,86.83,3.09,5.6978
2020-11-08,22.39,87.45,3.88,4.2113
2020-11-09,21.04,84.98,3.25,5.4926
2020-11-10,18.78,80.12,3.3,6.2038
2020-11-11,19.53,87.42,3.78,5.352
2020-11-12,21.62,90.33,3.82,4.2662
2020-11-13,21.97,88.69,4.11,2.6472
2020-11-14,21.82,87.42,4.36,4.7666
2020-11-15,22.17,89.26,4.43,2.9342
2020-11-16,21.84,90.03,4.27,2.7199
2020-11-17,21.55,88.11,4.34,3.5964
2020-11-18,21.71,87.6,3.52,4.1693
2020-11-19,21.53,86.34,3.8,4.8626
2020-11-20,20.59,83.11,3.44,5.8433
2020-11-21,19.0,77.15,2.77,6.2138
2020-11-22,18.12,75.36,2.83,5.6837
2020-11-23,18.26,81.3,2.95,4.757
2020-11-24,20.32,87.02,3.47,4.0668
2020-11-25,21.03,88.48,5.05,3.1382
2020-11-26,19.14,94.28,8.63,0.9077
2020-11-27,19.59,89.7,5.48,4.0039
2020-11-28,20.54,87.51,3.32,3.5779
2020-11-29,20.98,87.76,3.72,2.7113
2020-11-30,20.7,86.76,4.18,4.1129
2020-12-01,19.59,82.3,3.72,5.3174
2020-12-02,19.78,83.6,4.27,4.3392
2020-12-03,19.92,91.82,5.14,2.0633
2020-12-04,20.71,91.11,5.02,1.962
2020-12-05,21.06,87.34,4.4,2.5867
2020-12-06,21.54,88.1,4.92,2.6088
2020-12-07,21.78,88.47,4.85,2.897
2020-12-08,21.34,88.22,4.54,3.1066
2020-12-09,21.25,87.39,3.88,3.8134
2020-12-10,19.48,79.21,2.72,5.6719
2020-12-11,18.85,78.66,2.6,5.7552
2020-12-12,18.4,79.62,2.64,5.4924
2020-12-13,18.5,79.33,2.36,5.1953
2020-12-14,18.94,81.44,2.81,5.3928
2020-12-15,18.89,81.72,3.55,5.3371
2020-12-16,20.52,85.5,3.85,3.3924
2020-12-17,20.94,86.22,4.15,2.5212
2020-12-18,19.42,86.32,3.77,5.478
2020-12-19,19.85,85.2,4.23,4.4191
2020-12-20,19.09,82.98,4.29,4.0308
2020-12-21,17.2,81.97,3.65,5.7746
2020-12-22,18.04,79.68,2.99,5.2901
2020-12-23,19.19,79.83,2.72,4.3637
2020-12-24,20.14,81.48,2.62,4.7278
2020-12-25,20.11,82.8,3.1,5.0695
2020-12-26,18.68,80.49,3.25,5.6431
2020-12-27,18.28,79.97,2.97,5.815
2020-12-28,18.67,74.68,2.19,5.0088
2020-12-29,19.89,78.82,3.33,5.0254
2020-12-30,21.09,84.03,4.04,4.7885
2020-12-31,21.08,84.78,4.93,2.5745
2021-01-01,18.87,81.29,4.29,4.9915
2021-01-02,19.86,84.14,3.93,4.0044
2021-01-03,20.95,82.54,4.2,3.0974
2021-01-04,21.01,80.6,4.69,2.0726
2021-01-05,20.98,86.53,3.74,3.9046
2021-01-06,21.7,86.4,3.33,2.7034
2021-01-07,21.16,87.96,3.29,2.8642
2021-01-08,22.02,85.13,3.4,3.1774
2021-01-09,22.21,83.32,3.86,2.2937
2021-01-10,21.39,82.98,3.79,3.8933
2021-01-11,20.86,82.66,3.65,2.826
2021-01-12,20.05,82.01,4.62,2.5402
2021-01-13,20.66,77.67,4.7,4.6414
2021-01-14,20.41,79.63,4.08,3.5726
2021-01-15,21.23,76.72,3.85,4.506
2021-01-16,21.45,72.58,3.49,4.7546
2021-01-17,21.12,74.65,3.43,5.1989
2021-01-18,20.16,73.55,3.83,6.0936
2021-01-19,20.17,74.28,3.33,5.8133
2021-01-20,20.87,71.24,2.13,5.6604
2021-01-21,22.27,71.25,1.53,5.7002
2021-01-22,22.55,72.91,2.76,4.9126
2021-01-23,21.83,71.33,2.76,5.3772
2021-01-24,21.05,69.06,2.67,5.8553
2021-01-25,19.72,66.74,3.22,6.2026
2021-01-26,19.64,61.53,3.26,6.425
2021-01-27,19.19,65.51,3.51,6.2021
2021-01-28,20.04,68.92,4.09,6.0614
2021-01-29,21.06,69.02,3.65,5.6035
2021-01-30,21.74,67.06,2.89,5.4228
2021-01-31,21.63,62.62,4.02,6.0684
2021-02-01,20.36,60.89,4.33,6.3682
2021-02-02,20.87,66.47,4.33,6.2227
2021-02-03,21.49,68.2,3.99,5.4521
2021-02-04,21.07,63.85,3.38,6.1925
2021-02-05,20.61,63.04,2.98,6.2719
2021-02-06,20.6,60.9,3.72,6.4274
2021-02-07,20.16,50.85,4.47,6.7142
2021-02-08,19.81,58.62,4.36,6.7346
2021-02-09,19.69,61.61,4.26,6.5561
2021-02-10,19.5,55.57,3.38,6.888
2021-02-11,20.07,58.48,3.47,6.7908
2021-02-12,20.3,57.87,3.49,6.9007
2021-02-13,20.54,57.24,3.2,6.8033
2021-02-14,20.8,55.54,2.39,6.7879
2021-02-15,21.85,55.69,2.19,6.5141
2021-02-16,22.52,57.46,2.8,5.8013
2021-02-17,22.71,56.9,3.75,5.363
2021-02-18,22.23,60.86,4.71,4.9469
2021-02-19,22.06,62.7,3.84,4.6246
2021-02-20,21.47,73.36,4.39,4.3603
2021-02-21,20.95,74.29,5.11,3.9626
2021-02-22,22.36,63.27,3.13,5.8202
2021-02-23,23.46,61.13,3.39,6.7205
2021-02-24,23.55,57.56,2.76,6.8302
2021-02-25,23.98,54.32,2.8,6.869
2021-02-26,23.89,50.27,2.75,6.8443
2021-02-27,24.5,49.84,3.07,6.6626
2021-02-28,24.14,48.03,4.15,6.8414
2021-03-01,23.39,50.3,3.36,7.104
2021-03-02,23.94,51.82,4.13,6.6662
2021-03-03,23.73,45.48,4.63,7.0452
2021-03-04,22.64,48.88,4.85,7.4069
2021-03-05,23.17,47.2,3.23,7.4606
2021-03-06,24.47,46.94,3.05,7.3567
2021-03-07,24.6,49.87,3.32,7.2336
2021-03-08,24.44,49.27,4.09,7.4503
2021-03-09,24.54,48.44,4.52,7.4508
2021-03-10,25.74,53.42,3.01,7.206
2021-03-11,26.65,51.34,3.94,6.965
2021-03-12,25.5,45.2,3.97,7.1318
2021-03-13,24.75,45.44,3.8,7.5545
2021-03-14,25.4,47.05,4.02,7.5072
2021-03-15,25.79,43.48,3.02,7.0687
2021-03-16,26.34,41.85,3.5,7.2629
2021-03-17,26.25,38.61,4.05,6.7318
2021-03-18,25.43,46.56,4.29,6.4022
2021-03-19,25.29,41.81,4.34,7.2113
2021-03-20,25.85,36.75,4.33,6.7099
2021-03-21,26.3,37.38,3.97,7.1621
2021-03-22,27.02,38.25,4.0,7.2072
2021-03-23,27.4,42.89,4.05,7.2185
2021-03-24,27.75,43.64,4.22,6.9242
2021-03-25,27.68,40.0,3.8,6.0886
2021-03-26,28.31,39.19,4.51,6.9454
2021-03-27,26.96,47.38,4.2,6.534
2021-03-28,26.84,46.37,3.31,5.0798
2021-03-29,28.28,41.15,3.72,5.4106
2021-03-30,29.12,37.04,3.98,6.2359
2021-03-31,30.7,29.83,3.52,6.6084
2021-04-01,29.02,30.24,4.39,7.3726
2021-04-02,28.95,30.31,3.7,7.6781
2021-04-03,30.67,31.43,2.49,6.961
2021-04-04,30.1,32.16,3.58,6.3509
2021-04-05,30.06,38.93,3.9,6.3437
2021-04-06,28.84,44.42,4.51,6.415
2021-04-07,29.07,38.33,3.91,7.0306
2021-04-08,28.62,31.95,4.44,6.0689
2021-04-09,28.41,37.74,4.41,6.5467
2021-04-10,28.21,44.51,5.15,6.7781
2021-04-11,28.45,47.89,4.22,6.2314
2021-04-12,28.5,50.64,4.2,5.7744
2021-04-13,27.98,51.56,3.71,5.7048
2021-04-14,26.99,57.58,2.18,4.9174
2021-04-15,24.89,73.13,2.01,5.6194
2021-04-16,26.11,63.5,3.05,6.3461
2021-04-17,26.98,59.81,2.58,6.155
2021-04-18,27.32,56.76,2.93,6.3823
2021-04-19,27.3,60.5,2.01,6.2316
2021-04-20,26.79,61.44,2.04,5.291
2021-04-21,26.57,66.22,1.77,6.0094
2021-04-22,27.07,61.35,1.46,6.0653
2021-04-23,25.97,66.39,1.53,5.5466
2021-04-24,26.57,65.13,1.55,5.837
2021-04-25,27.16,59.96,3.35,5.9386
2021-04-26,25.62,65.95,2.84,6.4481
2021-04-27,26.66,61.03,2.54,6.0593
2021-04-28,27.07,58.54,2.76,6.5498
2021-04-29,27.76,55.64,2.69,6.3072
2021-04-30,26.77,61.4,2.85,5.7686
2021-05-01,26.69,64.91,3.49,6.3624
2021-05-02,26.86,62.4,2.57,5.8303
2021-05-03,27.28,60.82,2.94,5.5788
2021-05-04,27.55,61.03,3.02,5.2742
2021-05-05,28.23,58.02,3.11,6.5052
2021-05-06,28.07,57.91,3.84,6.126
2021-05-07,27.79,59.65,4.02,5.735
2021-05-08,27.96,57.84,3.78,5.7732
2021-05-09,28.64,56.78,2.94,6.768
2021-05-10,28.4,59.52,2.63,5.0777
2021-05-11,27.27,66.44,2.06,5.9186
2021-05-12,27.02,70.17,1.81,4.9356
2021-05-13,26.0,75.75,1.82,5.8541
2021-05-14,27.2,65.0,4.82,6.4253
2021-05-15,24.81,75.47,6.3,3.0389
2021-05-16,25.6,74.03,5.9,4.0442
2021-05-17,26.98,67.47,3.59,6.4078
2021-05-18,26.55,68.18,3.6,6.9132
2021-05-19,25.33,80.84,3.75,6.6475
2021-05-20,24.37,79.53,3.51,4.981
2021-05-21,23.76,80.22,3.76,5.1454
2021-05-22,24.23,78.4,4.19,5.8598
2021-05-23,24.76,76.87,4.63,6.2494
2021-05-24,23.97,75.43,4.6,6.6427
2021-05-25,23.04,85.96,4.62,5.419
2021-05-26,24.1,76.2,6.66,5.8411
2021-05-27,24.33,74.16,5.22,6.7754
2021-05-28,25.25,70.03,5.35,7.2319
2021-05-29,25.36,70.37,4.41,7.2041
2021-05-30,25.2,72.95,4.55,7.1364
2021-05-31,25.59,73.43,4.4,7.2026
2021-06-01,25.85,74.98,3.31,6.6458
2021-06-02,25.23,77.55,2.56,6.5155
2021-06-03,24.72,79.01,0.92,5.365
2021-06-04,23.61,86.32,3.32,4.6975
2021-06-05,22.23,84.36,2.76,4.7431
2021-06-06,24.09,72.91,2.9,5.9938
2021-06-07,23.23,78.89,3.72,7.1978
2021-06-08,24.83,72.28,4.42,7.0994
2021-06-09,24.15,77.55,5.27,6.1188
2021-06-10,24.29,74.73,5.7,5.723
2021-06-11,23.32,77.79,5.77,5.3808
2021-06-12,22.52,75.53,7.5,4.8626
2021-06-13,22.95,72.7,7.52,4.6423
2021-06-14,22.68,77.64,8.66,3.9641
2021-06-15,22.59,79.81,7.15,4.284
2021-06-16,23.88,75.01,7.31,4.4213
2021-06-17,23.84,78.15,6.92,5.3688
2021-06-18,23.1,78.68,6.7,4.6267
2021-06-19,23.52,79.59,6.26,5.2733
2021-06-20,23.76,76.14,5.14,5.8351
2021-06-21,24.33,74.53,4.7,5.929
2021-06-22,24.13,75.69,4.02,5.2855
2021-06-23,24.49,75.38,4.01,5.6885
2021-06-24,24.26,74.27,4.93,5.8682
2021-06-25,23.58,74.05,5.17,6.6238
2021-06-26,23.69,74.48,5.49,4.2926
2021-06-27,21.82,74.63,5.12,3.8467
2021-06-28,24.15,68.14,2.68,5.3671
2021-06-29,25.75,70.26,2.68,6.3917
2021-06-30,25.61,76.84,2.73,6.5964
2021-07-01,23.77,87.65,2.87,3.3391
2021-07-02,23.53,84.52,3.67,5.6177
2021-07-03,23.68,80.84,2.79,5.1084
2021-07-04,23.3,83.4,2.72,5.5973
2021-07-05,24.04,79.99,2.37,6.3557
2021-07-06,23.77,84.16,2.51,5.7619
2021-07-07,23.06,86.64,3.03,4.9903
2021-07-08,23.18,85.38,3.61,6.0353
2021-07-09,23.25,84.45,4.7,5.1504
2021-07-10,21.77,82.02,5.73,4.3805
2021-07-11,21.44,82.45,6.2,4.1513
2021-07-12,21.76,81.82,6.56,4.488
2021-07-13,23.28,81.39,6.81,3.5772
2021-07-14,22.86,84.45,6.85,2.9892
2021-07-15,22.54,83.56,6.38,2.6532
2021-07-16,23.49,82.08,5.01,4.842
2021-07-17,22.87,86.8,4.73,4.661
2021-07-18,22.52,88.74,6.31,3.1682
2021-07-19,23.4,81.26,6.33,4.3361
2021-07-20,23.27,80.76,7.42,5.279
2021-07-21,23.1,80.93,7.14,2.9873
2021-07-22,22.42,83.54,8.87,2.6215
2021-07-23,23.44,79.71,7.6,2.5178
2021-07-24,23.8,80.99,6.21,4.7614
2021-07-25,22.95,84.99,6.22,5.0815
2021-07-26,22.92,83.06,5.94,4.9579
2021-07-27,23.17,80.97,5.95,5.371
2021-07-28,23.61,78.15,6.41,5.6258
2021-07-29,23.23,79.96,6.2,5.3669
2021-07-30,22.82,82.26,5.86,5.3597
2021-07-31,23.24,80.53,5.86,4.8667
2021-08-01,23.3,79.24,5.97,4.6745
2021-08-02,23.14,76.92,6.27,5.1634
2021-08-03,23.27,79.09,5.7,4.4971
2021-08-04,23.44,79.82,6.26,3.9372
2021-08-05,23.58,79.41,6.28,4.1294
2021-08-06,23.92,79.98,5.95,4.7016
2021-08-07,24.01,81.77,5.01,5.484
2021-08-08,24.11,80.69,3.15,6.0499
2021-08-09,24.12,81.35,3.28,5.8111
2021-08-10,22.65,86.33,4.55,4.127
2021-08-11,23.5,82.8,3.58,4.8962
2021-08-12,22.74,85.15,4.66,3.563
2021-08-13,23.14,82.43,4.82,4.6555
2021-08-14,22.52,83.69,4.77,5.2872
2021-08-15,22.19,81.94,5.23,4.6128
2021-08-16,22.87,79.91,4.55,4.3922
2021-08-17,23.51,78.24,4.16,4.4309
2021-08-18,22.99,77.37,4.57,4.824
2021-08-19,22.29,77.31,5.54,4.9817
2021-08-20,22.36,79.88,3.67,5.813
2021-08-21,22.4,81.17,2.38,4.4621
2021-08-22,23.2,79.65,1.85,5.7125
2021-08-23,23.02,85.11,1.7,5.0496
2021-08-24,23.54,80.21,2.66,6.0187
2021-08-25,23.62,80.26,3.56,5.7538
2021-08-26,24.0,82.53,2.03,6.21
2021-08-27,23.41,86.0,3.39,4.9428
2021-08-28,22.79,83.01,4.61,4.2442
2021-08-29,22.48,77.98,5.46,3.5102
2021-08-30,22.0,80.41,5.28,4.469
2021-08-31,23.3,77.63,4.05,5.497
2021-09-01,23.25,80.0,2.66,5.2596
2021-09-02,22.49,87.06,2.5,4.0392
2021-09-03,22.6,80.97,3.89,4.003
2021-09-04,22.14,86.15,4.38,3.6026
2021-09-05,22.58,83.12,5.46,4.351
2021-09-06,21.93,80.18,6.55,4.812
2021-09-07,22.02,81.85,5.92,4.2259
2021-09-08,22.68,83.53,5.43,4.7215
2021-09-09,23.0,81.33,4.7,5.4166
2021-09-10,22.98,82.59,4.72,5.1502
2021-09-11,22.93,83.35,5.2,4.969
2021-09-12,23.13,82.17,6.2,4.7962
2021-09-13,23.1,83.4,6.63,4.3231
2021-09-14,23.62,82.0,4.89,4.9406
2021-09-15,23.5,82.63,3.88,5.3777
2021-09-16,23.54,82.44,3.8,5.7838
2021-09-17,23.87,79.02,3.23,6.6881
2021-09-18,24.22,76.14,2.55,5.9998
2021-09-19,23.56,82.01,2.08,6.0173
2021-09-20,23.36,85.24,2.25,4.8094
2021-09-21,23.07,83.55,3.66,5.9503
2021-09-22,23.12,83.0,3.62,4.9217
2021-09-23,23.03,83.65,2.96,4.9896
2021-09-24,23.78,82.11,2.71,5.4504
2021-09-25,23.18,85.86,2.89,4.6298
2021-09-26,21.95,86.96,4.02,4.9788
2021-09-27,22.83,82.78,5.47,4.643
2021-09-28,21.58,84.45,5.14,4.4962
2021-09-29,22.27,81.71,4.17,5.2126
2021-09-30,23.26,78.63,1.99,5.586
2021-10-01,23.7,82.97,2.36,4.2794
2021-10-02,23.33,85.5,2.92,4.6603
2021-10-03,23.14,83.19,3.2,4.7945
2021-10-04,22.97,85.5,2.46,5.4202
2021-10-05,23.05,87.12,2.2,3.6346
2021-10-06,22.78,87.53,2.39,3.4462
2021-10-07,24.06,81.66,2.11,5.6971
2021-10-08,23.33,88.97,2.82,4.5924
2021-10-09,22.96,88.74,3.74,3.2652
2021-10-10,22.77,87.04,3.27,5.4329
2021-10-11,23.23,84.75,2.15,4.7558
2021-10-12,22.59,87.1,2.29,4.9682
2021-10-13,22.56,87.22,3.5,4.7009
2021-10-14,23.36,82.94,2.23,5.293
2021-10-15,23.4,86.61,1.27,4.0649
2021-10-16,23.58,87.46,2.46,4.4722
2021-10-17,22.22,90.53,2.62,4.0879
2021-10-18,23.13,87.69,3.36,3.5426
2021-10-19,22.87,84.43,1.89,5.2997
2021-10-20,23.16,86.4,2.01,3.7586
2021-10-21,22.99,89.36,1.7,4.9613
2021-10-22,23.17,86.9,2.18,5.4372
2021-10-23,22.89,86.19,2.24,5.1478
2021-10-24,22.46,85.0,1.6,5.5769
2021-10-25,22.13,86.76,2.64,3.8482
2021-10-26,22.41,85.3,2.14,3.9588
2021-10-27,21.92,84.5,2.84,3.8105
2021-10-28,21.65,82.91,2.98,4.1246
2021-10-29,21.39,87.46,3.2,3.6852
2021-10-30,22.05,87.82,3.77,4.0531
2021-10-31,22.04,88.62,3.26,3.9818
2021-11-01,21.71,89.69,3.36,3.6523
2021-11-02,21.42,88.4,4.69,3.4872
2021-11-03,21.73,87.75,3.59,3.5174
2021-11-04,22.05,88.06,2.75,4.0723
2021-11-05,22.22,85.96,1.45,3.919
2021-11-06,21.69,88.94,2.38,4.4467
2021-11-07,21.56,90.23,3.51,3.3211
2021-11-08,20.57,93.34,3.04,2.0652
2021-11-09,20.54,89.66,2.52,3.9665
2021-11-10,19.8,86.38,3.08,2.6122
2021-11-11,18.65,90.86,5.9,2.0419
2021-11-12,19.87,92.88,5.6,1.8554
2021-11-13,22.57,84.72,1.24,2.31
2021-11-14,22.32,90.28,1.88,3.4291
2021-11-15,22.98,88.16,1.93,3.8275
2021-11-16,22.48,89.35,3.31,3.521
2021-11-17,22.08,89.94,2.67,4.0231
2021-11-18,19.7,92.65,5.03,0.96
2021-11-19,21.89,93.42,5.46,2.3006
2021-11-20,22.08,91.97,3.81,3.1109
2021-11-21,21.76,82.52,2.77,4.2996
2021-11-22,21.55,87.6,2.37,3.7742
2021-11-23,22.13,88.97,2.65,5.0179
2021-11-24,21.98,86.12,2.84,4.6042
2021-11-25,21.12,88.19,3.78,4.1134
2021-11-26,21.29,87.03,4.19,3.2292
2021-11-27,20.8,89.97,4.6,2.2764
2021-11-28,20.03,91.44,4.53,2.6657
2021-11-29,20.25,90.37,4.56,2.2615
2021-11-30,21.02,88.26,3.98,3.8858
2021-12-01,21.71,87.75,4.57,3.4258
2021-12-02,21.8,85.94,3.13,3.294
2021-12-03,21.18,84.92,1.92,3.7639
2021-12-04,21.72,80.07,1.02,3.9031
2021-12-05,22.22,82.17,1.83,4.1981
2021-12-06,21.46,86.94,2.01,3.3298
2021-12-07,21.62,85.32,3.19,3.7644
2021-12-08,20.68,82.77,3.12,5.1072
2021-12-09,21.88,85.37,2.52,3.1114
2021-12-10,20.57,85.14,3.9,5.5123
2021-12-11,20.82,87.6,4.22,3.6218
2021-12-12,20.66,87.26,4.57,3.5129
2021-12-13,20.9,87.83,4.19,3.2383
2021-12-14,20.11,87.69,4.34,3.4613
2021-12-15,20.14,85.28,3.94,3.2666
2021-12-16,19.96,84.29,3.72,4.663
2021-12-17,19.69,82.23,2.99,5.1302
2021-12-18,18.22,80.39,3.44,4.9493
2021-12-19,17.08,79.4,3.45,5.3734
2021-12-20,17.15,81.45,3.11,5.5649
2021-12-21,18.15,74.0,1.7,5.2625
2021-12-22,17.69,78.01,2.36,4.8286
2021-12-23,17.96,76.31,2.23,5.0614
2021-12-24,17.61,73.09,2.42,5.3522
2021-12-25,18.31,77.05,2.49,5.477
2021-12-26,18.7,80.71,2.73,5.3986
2021-12-27,18.48,81.15,3.09,5.6186
2021-12-28,18.48,82.94,3.33,5.4958
2021-12-29,18.96,82.45,3.35,5.2567
2021-12-30,19.49,83.39,3.94,4.4986
2021-12-31,20.63,86.54,5.22,2.7641
2022-01-01,20.72,85.66,4.83,3.5268
2022-01-02,20.2,83.39,4.33,5.2426
2022-01-03,19.63,78.96,3.2,5.2183
2022-01-04,19.48,81.36,3.14,5.2294
2022-01-05,19.59,77.66,1.75,5.3335
2022-01-06,19.83,80.79,2.87,5.3654
2022-01-07,20.39,81.7,3.29,4.7546
2022-01-08,20.76,81.81,2.88,4.2442
2022-01-09,20.89,80.97,3.0,4.8134
2022-01-10,20.22,77.92,3.18,4.9646
2022-01-11,20.61,77.77,3.06,5.4473
2022-01-12,21.12,80.29,2.98,4.7006
2022-01-13,21.43,79.51,2.89,5.2094
2022-01-14,21.59,78.49,2.35,5.0172
2022-01-15,22.13,73.33,1.41,5.3712
2022-01-16,21.72,78.88,3.53,4.674
2022-01-17,21.22,78.42,3.94,4.9822
2022-01-18,20.6,75.65,3.18,5.0851
2022-01-19,20.16,72.14,2.77,5.687
2022-01-20,20.17,63.92,2.22,5.9009
2022-01-21,21.21,63.12,2.06,5.9647
2022-01-22,20.62,65.11,2.64,6.143
2022-01-23,20.01,69.45,2.65,6.1901
2022-01-24,20.13,62.8,2.18,6.3115
2022-01-25,20.92,71.47,1.54,5.5433
2022-01-26,21.42,81.19,2.83,4.7976
2022-01-27,21.49,75.83,3.91,4.5398
2022-01-28,20.75,73.84,4.69,3.7793
2022-01-29,21.24,74.44,4.12,4.4222
2022-01-30,22.71,71.88,1.35,5.0426
2022-01-31,23.6,69.69,1.81,5.6866
2022-02-01,23.02,70.03,2.51,5.3765
2022-02-02,22.24,65.8,2.47,5.7886
2022-02-03,21.57,69.01,2.72,4.8977
2022-02-04,22.14,63.54,2.8,6.3701
2022-02-05,22.14,66.78,2.84,6.1272
2022-02-06,22.92,71.58,3.79,4.8401
2022-02-07,22.54,69.43,2.39,5.3405
2022-02-08,22.43,66.73,2.39,5.471
2022-02-09,21.81,66.42,3.72,6.0715
2022-02-10,21.45,57.94,3.49,6.2914
2022-02-11,21.69,56.93,5.02,6.4018
2022-02-12,22.06,63.41,4.31,6.2873
2022-02-13,21.41,61.85,3.78,6.0274
2022-02-14,21.72,63.43,2.95,5.3316
2022-02-15,22.15,66.03,3.02,5.0004
2022-02-16,22.76,62.5,2.14,5.3117
2022-02-17,22.68,62.15,2.65,5.9364
2022-02-18,22.71,61.18,4.11,6.3096
2022-02-19,22.97,58.34,4.28,6.5026
2022-02-20,23.8,55.62,1.95,6.6029
2022-02-21,24.62,60.03,2.09,6.4308
2022-02-22,24.97,56.08,3.63,5.5358
2022-02-23,23.45,58.48,4.74,6.6211
2022-02-24,22.54,54.16,3.51,7.0562
2022-02-25,22.44,49.27,4.04,6.8947
2022-02-26,21.63,54.72,3.9,7.3152
2022-02-27,23.31,58.58,3.45,7.1381
2022-02-28,22.87,53.38,3.17,7.3008
2022-03-01,23.43,49.46,4.09,7.14
2022-03-02,22.92,38.76,4.57,6.4236
2022-03-03,22.8,40.86,5.12,6.8455
2022-03-04,23.39,36.74,5.05,7.0046
2022-03-05,23.82,45.38,5.07,7.0596
2022-03-06,23.9,52.91,5.55,6.4162
2022-03-07,23.23,54.4,5.28,4.1146
2022-03-08,24.97,49.96,4.2,6.7735
2022-03-09,25.82,45.63,3.6,6.6766
2022-03-10,25.83,40.23,4.72,7.0646
2022-03-11,25.63,32.85,5.22,6.9007
2022-03-12,25.81,30.83,5.05,7.2238
2022-03-13,25.37,34.05,4.79,6.8018
2022-03-14,26.4,37.56,3.65,6.575
2022-03-15,26.72,35.25,3.0,5.9398
2022-03-16,26.47,36.02,3.58,6.1219
2022-03-17,27.12,30.23,3.85,5.9064
2022-03-18,27.81,33.16,2.83,6.168
2022-03-19,28.46,35.43,2.58,5.8178
2022-03-20,26.19,57.19,2.45,4.8415
2022-03-21,26.76,58.02,1.84,5.9177
2022-03-22,26.26,62.97,2.28,4.8502
2022-03-23,27.65,54.59,2.68,4.9973
2022-03-24,27.35,56.16,1.79,4.8478
2022-03-25,27.88,49.84,2.86,4.6968
2022-03-26,28.27,49.76,3.32,5.6491
2022-03-27,28.81,48.62,4.58,6.0137
2022-03-28,28.85,47.73,3.95,6.2642
2022-03-29,29.64,43.4,3.36,6.1651
2022-03-30,30.0,40.22,3.16,5.8032
2022-03-31,30.16,38.39,3.35,6.1174
2022-04-01,29.91,38.47,4.01,5.2836
2022-04-02,28.72,43.09,4.16,5.8104
2022-04-03,28.59,44.73,4.83,6.5561
2022-04-04,28.61,46.34,4.75,6.6389
2022-04-05,28.07,44.87,5.26,6.7867
2022-04-06,28.11,40.52,4.69,6.9869
2022-04-07,27.39,48.96,4.67,6.9281
2022-04-08,28.1,52.25,4.34,6.1442
2022-04-09,27.96,53.89,3.82,6.191
2022-04-10,28.56,44.78,4.43,4.5398
2022-04-11,27.88,47.5,3.73,6.2246
2022-04-12,29.05,44.14,4.0,5.531
2022-04-13,27.56,56.46,3.64,4.0855
2022-04-14,25.23,62.32,2.81,4.6085
2022-04-15,27.76,56.89,1.23,6.876
2022-04-16,28.72,54.39,2.43,6.9562
2022-04-17,26.82,65.49,2.73,6.5347
2022-04-18,26.48,60.74,3.53,6.0984
2022-04-19,26.05,66.78,2.78,6.1814
2022-04-20,28.1,55.37,3.1,6.7738
2022-04-21,27.45,59.52,3.71,7.1846
2022-04-22,26.78,61.66,3.64,6.8038
2022-04-23,25.93,65.9,3.57,5.496
2022-04-24,27.73,52.58,2.97,6.4428
2022-04-25,27.65,53.84,2.98,7.0882
2022-04-26,28.44,46.97,3.23,7.1462
2022-04-27,28.83,50.75,3.93,7.385
2022-04-28,29.18,49.88,3.53,7.2876
2022-04-29,29.94,47.9,4.45,6.7858
2022-04-30,29.98,49.96,2.63,6.6233
2022-05-01,30.31,52.38,2.08,6.1174
2022-05-02,28.76,62.16,2.72,6.8995
2022-05-03,27.77,63.48,2.62,6.8794
2022-05-04,28.44,60.84,2.88,6.1505
2022-05-05,27.11,65.39,2.32,5.2037
2022-05-06,27.4,62.09,1.75,6.4536
2022-05-07,27.35,64.03,2.24,6.0329
2022-05-08,27.81,62.57,2.47,5.4852
2022-05-09,27.31,65.58,2.9,4.6522
2022-05-10,26.4,68.95,5.35,2.1125
2022-05-11,25.2,73.35,7.33,3.7409
2022-05-12,24.54,76.26,5.8,1.7938
2022-05-13,25.61,73.96,4.22,3.7313
2022-05-14,25.35,76.35,3.31,4.4462
2022-05-15,24.21,84.68,3.28,5.4336
2022-05-16,25.13,81.11,3.34,3.0094
2022-05-17,25.1,71.44,1.67,4.2245
2022-05-18,24.38,79.89,2.12,3.583
2022-05-19,22.64,87.21,4.99,2.3282
2022-05-20,22.05,82.12,6.37,4.8797
2022-05-21,23.51,75.97,5.97,4.9402
2022-05-22,24.39,77.29,6.0,4.8965
2022-05-23,25.31,75.7,4.67,6.6266
2022-05-24,26.15,73.19,3.62,7.1232
2022-05-25,26.3,71.36,2.38,6.1416
2022-05-26,25.46,73.94,3.4,6.2177
2022-05-27,24.38,76.25,4.34,7.0229
2022-05-28,24.5,73.33,4.82,7.2216
2022-05-29,24.83,69.24,4.22,7.3958
2022-05-30,25.28,71.11,3.61,6.2436
2022-05-31,23.55,78.83,4.02,5.8433
2022-06-01,23.49,79.46,4.75,6.0283
2022-06-02,25.09,73.28,3.04,6.1488
2022-06-03,24.96,74.95,2.91,6.7824
2022-06-04,24.32,75.55,3.5,6.7843
2022-06-05,24.87,76.26,2.17,6.3965
2022-06-06,24.37,76.62,2.16,5.9563
2022-06-07,24.71,76.44,3.78,4.518
2022-06-08,24.56,75.07,5.01,6.7205
2022-06-09,25.28,70.31,5.2,6.4265
2022-06-10,24.79,72.59,5.73,6.0514
2022-06-11,24.6,70.64,5.31,6.245
2022-06-12,23.66,71.84,4.66,6.2458
2022-06-13,24.04,73.8,3.49,6.0929
2022-06-14,24.15,78.12,3.78,6.8002
2022-06-15,23.32,80.65,3.65,4.8967
2022-06-16,23.18,84.05,2.02,5.9342
2022-06-17,21.74,84.67,2.22,6.0821
2022-06-18,22.02,86.81,2.33,5.3758
2022-06-19,23.17,86.05,2.95,5.7353
2022-06-20,23.2,79.53,4.37,5.3738
2022-06-21,23.01,81.91,4.72,4.8444
2022-06-22,22.32,85.63,3.64,3.9394
2022-06-23,23.15,80.31,4.34,4.4534
2022-06-24,22.26,84.76,5.66,6.0874
2022-06-25,22.67,81.21,5.92,3.9571
2022-06-26,23.12,79.43,6.37,5.2819
2022-06-27,23.81,76.61,6.0,4.843
2022-06-28,23.95,77.12,4.89,5.1413
2022-06-29,24.13,79.52,4.35,5.5906
2022-06-30,23.57,82.75,5.0,4.4868
2022-07-01,23.2,84.03,5.05,4.8552
2022-07-02,22.83,84.87,4.94,4.7966
2022-07-03,23.52,81.4,5.73,4.0721
2022-07-04,22.44,83.42,6.84,3.8208
2022-07-05,22.37,84.1,6.51,3.5762
2022-07-06,22.56,81.81,6.09,2.635
2022-07-07,22.55,83.8,6.35,3.1642
2022-07-08,22.27,82.37,6.99,3.9317
2022-07-09,22.61,83.41,7.02,3.1046
2022-07-10,22.93,80.17,7.33,3.5081
2022-07-11,23.11,80.01,6.97,2.8495
2022-07-12,22.79,80.38,8.08,4.7652
2022-07-13,22.87,78.86,9.72,3.7022
2022-07-14,22.43,78.31,10.31,3.4697
2022-07-15,23.32,76.98,8.17,4.0687
2022-07-16,23.57,80.63,6.66,3.9778
2022-07-17,23.09,81.89,7.05,4.1066
2022-07-18,22.68,82.1,5.59,3.397
2022-07-19,22.95,82.54,3.4,5.963
2022-07-20,23.77,81.67,2.94,5.4278
2022-07-21,23.26,84.52,3.28,5.0395
2022-07-22,22.51,86.68,3.87,3.7154
2022-07-23,22.84,82.61,4.59,4.1777
2022-07-24,22.99,80.88,4.79,4.1309
2022-07-25,22.91,80.91,3.77,5.3834
2022-07-26,22.22,84.1,3.92,4.7441
2022-07-27,22.88,85.09,2.95,4.7338
2022-07-28,24.1,78.61,1.81,5.7974
2022-07-29,23.39,80.18,1.8,5.9801
2022-07-30,24.39,76.57,1.27,5.9842
2022-07-31,24.02,84.58,1.79,4.9865
2022-08-01,23.93,84.35,2.77,5.6124
2022-08-02,23.89,83.76,2.34,4.5526
2022-08-03,22.77,83.4,2.71,3.2885
2022-08-04,22.06,85.69,1.78,2.3064
2022-08-05,22.62,84.42,7.65,3.012
2022-08-06,22.5,84.33,7.87,3.3806
2022-08-07,22.28,86.36,7.41,3.1507
2022-08-08,22.39,85.48,8.11,3.4805
2022-08-09,22.49,81.48,8.81,3.852
2022-08-10,22.1,81.41,8.01,4.9406
2022-08-11,22.64,82.13,6.88,4.6963
2022-08-12,22.86,81.25,6.2,4.6507
2022-08-13,22.2,82.48,5.01,5.5267
2022-08-14,22.82,78.98,5.46,4.6058
2022-08-15,23.63,78.49,4.2,5.1346
2022-08-16,24.23,76.83,2.38,6.3144
2022-08-17,24.05,79.47,3.32,5.9726
2022-08-18,22.91,86.48,4.46,5.0671
2022-08-19,23.02,84.18,5.1,4.7652
2022-08-20,22.87,83.98,4.9,4.8173
2022-08-21,22.87,85.15,5.05,4.5955
2022-08-22,22.83,85.48,5.55,4.3805
2022-08-23,23.28,83.66,4.95,5.5862
2022-08-24,22.86,84.98,4.57,4.343
2022-08-25,22.28,86.29,4.12,3.9221
2022-08-26,22.0,90.52,3.42,4.3651
2022-08-27,22.02,89.28,4.0,4.2254
2022-08-28,22.53,86.92,3.68,5.4823
2022-08-29,22.84,89.66,2.69,3.9293
2022-08-30,23.67,86.74,2.77,5.5318
2022-08-31,22.53,90.56,2.65,4.9387
2022-09-01,23.1,83.85,1.56,3.2592
2022-09-02,23.3,85.24,2.39,5.0748
2022-09-03,24.24,82.53,1.29,5.6035
2022-09-04,23.57,89.64,1.84,5.4401
2022-09-05,24.12,83.96,1.22,5.8433
2022-09-06,23.13,86.43,1.96,4.8178
2022-09-07,22.26,88.64,2.15,4.374
2022-09-08,22.06,89.52,3.94,2.8634
2022-09-09,22.3,90.33,4.33,4.4225
2022-09-10,22.27,88.73,5.45,3.8506
2022-09-11,21.95,88.36,6.13,3.9451
2022-09-12,22.07,86.68,6.84,5.0959
2022-09-13,22.48,87.81,4.84,4.5883
2022-09-14,22.21,88.65,3.76,4.963
2022-09-15,21.9,88.61,3.83,5.0366
2022-09-16,22.62,87.24,3.93,5.2495
2022-09-17,22.37,87.76,3.48,6.0192
2022-09-18,22.75,86.23,3.71,5.6083
2022-09-19,22.52,86.55,4.41,5.1706
2022-09-20,21.41,82.76,4.18,5.4958
2022-09-21,22.02,84.6,3.92,5.5558
2022-09-22,22.14,81.47,4.23,6.3554
2022-09-23,21.42,84.75,3.71,6.0329
2022-09-24,22.26,84.27,3.87,5.622
2022-09-25,22.68,82.71,3.46,6.0154
2022-09-26,23.04,86.46,3.4,4.5874
2022-09-27,22.21,87.8,3.12,4.523
2022-09-28,22.47,85.5,3.38,4.2722
2022-09-29,21.87,87.46,3.3,4.5475
2022-09-30,21.27,89.82,4.24,4.0219
2022-10-01,21.54,87.97,4.85,3.3346
2022-10-02,21.43,86.06,4.64,3.9888
2022-10-03,22.07,86.38,4.7,3.6454
2022-10-04,22.02,88.88,3.86,4.7705
2022-10-05,21.64,91.06,3.4,4.0678
2022-10-06,21.97,87.63,3.29,3.5292
2022-10-07,22.16,85.87,2.6,5.9002
2022-10-08,21.47,87.17,2.62,5.105
2022-10-09,22.0,89.22,2.79,3.1147
2022-10-10,23.23,88.5,3.0,3.2402
2022-10-11,22.98,89.62,3.13,3.4406
2022-10-12,22.99,88.71,2.22,3.7709
2022-10-13,22.91,88.68,1.74,4.6682
2022-10-14,23.62,84.27,1.81,4.7856
2022-10-15,22.98,88.47,1.99,4.0493
2022-10-16,23.36,88.52,2.9,4.0459
2022-10-17,23.43,89.33,2.94,4.7184
2022-10-18,23.19,87.66,2.15,4.8494
2022-10-19,23.06,85.27,1.59,5.0278
2022-10-20,22.95,86.27,2.46,5.1739
2022-10-21,22.45,87.28,2.84,4.5305
2022-10-22,21.98,87.45,3.12,5.1178
2022-10-23,20.94,83.79,2.88,5.9285
2022-10-24,18.96,76.05,3.64,6.2114
2022-10-25,19.07,70.96,2.75,6.6293
2022-10-26,19.7,71.17,2.11,6.4344
2022-10-27,19.66,78.36,2.77,6.4078
2022-10-28,20.95,86.9,3.22,4.165
2022-10-29,21.67,87.82,3.58,3.9089
2022-10-30,21.64,86.69,3.29,3.5419
2022-10-31,20.31,88.26,2.93,5.4024
2022-11-01,20.21,93.18,3.41,2.9849
2022-11-02,20.12,89.63,3.53,2.6011
2022-11-03,20.3,85.56,3.65,2.9981
2022-11-04,20.56,86.1,3.76,3.8054
2022-11-05,20.62,84.18,3.45,5.2735
2022-11-06,20.77,88.35,3.3,3.8446
2022-11-07,20.02,82.15,3.18,5.7938
2022-11-08,20.75,87.6,3.3,5.3198
2022-11-09,21.37,84.77,2.92,5.0839
2022-11-10,21.39,84.91,3.51,5.3381
2022-11-11,20.02,88.59,5.26,1.2696
2022-11-12,20.35,91.92,4.41,1.4719
2022-11-13,20.77,89.24,3.78,2.9081
2022-11-14,21.33,88.72,2.55,4.5689
2022-11-15,21.59,87.62,2.35,4.3997
2022-11-16,20.8,86.23,2.63,5.0131
2022-11-17,18.65,78.06,3.14,5.3782
2022-11-18,17.62,75.28,3.08,5.7118
2022-11-19,17.79,79.84,3.25,5.1041
2022-11-20,17.37,77.83,2.67,4.6306
2022-11-21,16.92,87.67,2.81,5.4324
2022-11-22,20.16,89.71,2.53,2.3455
2022-11-23,21.37,89.41,2.58,2.621
2022-11-24,21.63,87.46,3.39,1.8593
2022-11-25,21.4,86.21,3.11,4.5974
2022-11-26,21.57,84.52,2.6,5.1242
2022-11-27,21.94,83.69,1.81,4.1122
2022-11-28,22.06,85.45,1.89,3.3878
2022-11-29,21.26,83.85,2.91,3.5573
2022-11-30,18.66,78.73,2.92,5.1139
2022-12-01,20.8,87.83,3.09,3.4111
2022-12-02,21.93,86.09,3.05,4.3243
2022-12-03,21.77,85.71,3.41,5.1905
2022-12-04,21.29,86.33,3.49,5.034
2022-12-05,20.85,87.18,3.36,4.0178
2022-12-06,20.64,84.93,2.81,3.2738
2022-12-07,19.11,80.51,3.41,3.9799
2022-12-08,17.31,77.64,3.45,3.7375
2022-12-09,17.79,83.38,5.11,2.4468
2022-12-10,19.26,93.76,7.41,1.5281
2022-12-11,21.04,90.83,4.44,1.9121
2022-12-12,20.8,92.76,4.25,2.6482
2022-12-13,21.12,89.84,4.43,3.367
2022-12-14,20.79,86.79,3.46,3.8078
2022-12-15,20.03,79.32,3.1,5.8819
2022-12-16,19.25,76.11,3.15,5.8961
2022-12-17,19.9,84.12,3.15,5.2687
2022-12-18,20.55,86.92,3.81,4.1582
2022-12-19,17.88,84.75,3.48,5.2879
2022-12-20,18.84,81.31,2.87,5.1331
2022-12-21,18.39,75.49,3.04,5.4612
2022-12-22,17.5,77.37,3.55,5.8138
2022-12-23,19.35,84.27,3.17,5.5642
2022-12-24,20.47,83.55,3.06,5.6129
2022-12-25,21.29,87.92,4.54,2.4022
2022-12-26,21.19,87.28,4.5,2.9023
2022-12-27,21.09,87.3,3.77,2.8742
2022-12-28,21.5,85.92,3.09,5.2877
2022-12-29,20.79,82.26,3.05,5.6518
2022-12-30,19.25,78.02,2.81,5.8915
2022-12-31,18.84,73.82,2.17,5.9016
2023-01-01,18.53,76.63,2.72,5.7029
2023-01-02,18.57,81.34,3.68,5.8274
2023-01-03,18.94,80.9,3.24,5.2486
2023-01-04,19.22,80.99,3.47,5.4226
2023-01-05,18.78,81.13,4.28,4.123
2023-01-06,18.89,83.05,4.64,4.7527
2023-01-07,19.36,82.9,4.05,4.7933
2023-01-08,19.3,80.76,3.11,4.8257
2023-01-09,18.05,71.84,3.02,5.7802
2023-01-10,16.62,74.99,3.71,6.0768
2023-01-11,17.17,71.12,2.69,6.15
2023-01-12,17.92,65.4,2.44,6.2726
2023-01-13,18.12,71.58,2.2,5.2858
2023-01-14,17.89,68.49,2.29,6.0014
2023-01-15,17.84,68.45,2.24,6.2244
2023-01-16,18.39,68.26,2.49,6.131
2023-01-17,18.05,70.56,2.28,6.2244
2023-01-18,18.29,73.7,2.92,6.2028
2023-01-19,18.23,70.27,3.25,6.3518
2023-01-20,18.16,79.29,3.49,5.6059
2023-01-21,19.34,76.61,3.32,4.9771
2023-01-22,18.87,70.86,3.67,5.531
2023-01-23,20.13,79.09,3.85,4.6157
2023-01-24,20.98,75.82,3.18,3.8263
2023-01-25,19.7,72.94,3.2,5.7528
2023-01-26,19.3,70.88,3.19,6.0672
2023-01-27,18.98,67.89,3.62,6.1668
2023-01-28,18.54,63.64,3.92,6.2993
2023-01-29,19.14,67.93,4.16,6.0355
2023-01-30,20.89,76.99,3.48,4.2458
2023-01-31,21.23,70.23,3.74,5.0597
2023-02-01,21.21,65.42,4.06,5.347
2023-02-02,20.91,66.39,4.33,4.085
2023-02-03,21.8,68.59,4.19,2.609
2023-02-04,22.43,66.01,4.4,6.2198
2023-02-05,22.26,59.22,3.19,6.3878
2023-02-06,21.4,63.84,2.85,6.023
2023-02-07,21.2,63.89,1.71,6.2628
2023-02-08,22.06,61.95,3.18,6.0336
2023-02-09,21.74,61.56,3.42,6.3113
2023-02-10,21.82,62.36,3.46,6.2729
2023-02-11,21.94,56.14,3.55,6.0737
2023-02-12,22.52,51.88,3.69,6.7478
2023-02-13,21.99,49.12,4.2,6.8412
2023-02-14,21.57,54.11,3.35,6.9161
2023-02-15,21.49,53.67,3.32,6.9379
2023-02-16,21.76,52.86,4.26,6.7296
2023-02-17,21.42,57.93,3.72,6.8825
2023-02-18,21.63,58.81,3.26,6.9046
2023-02-19,22.06,59.3,3.19,6.7764
2023-02-20,22.33,53.76,2.61,6.8902
2023-02-21,22.52,52.44,3.04,6.9132
2023-02-22,22.47,52.07,4.11,6.7018
2023-02-23,21.61,51.75,4.43,7.2785
2023-02-24,21.69,47.05,3.78,7.356
2023-02-25,22.58,39.21,4.36,7.3694
2023-02-26,22.51,43.36,4.75,7.0548
2023-02-27,21.53,50.01,4.64,7.326
2023-02-28,22.07,51.97,4.19,6.7126
2023-03-01,23.85,56.23,4.51,6.1747
2023-03-02,22.13,45.57,5.12,7.3762
2023-03-03,22.1,43.88,5.47,7.4138
2023-03-04,22.63,38.93,5.39,7.2722
2023-03-05,22.93,39.07,5.1,7.2682
2023-03-06,23.01,38.91,5.19,7.3735
2023-03-07,23.21,39.53,5.07,5.988
2023-03-08,23.36,44.32,5.04,7.2466
2023-03-09,22.66,46.32,4.31,5.6316
2023-03-10,23.39,46.29,4.85,6.1956
2023-03-11,24.05,49.61,4.94,7.0786
2023-03-12,24.13,50.79,4.94,7.3025
2023-03-13,25.23,49.79,4.47,6.876
2023-03-14,25.92,42.04,3.3,6.6473
2023-03-15,26.64,46.19,3.63,6.4027
2023-03-16,26.32,55.69,2.63,5.2111
2023-03-17,24.0,70.81,2.89,5.6059
2023-03-18,24.65,71.42,3.76,5.8128
2023-03-19,24.85,67.81,2.61,6.1104
2023-03-20,24.89,57.62,3.03,6.5107
2023-03-21,24.04,47.21,2.98,7.2398
2023-03-22,24.77,47.31,1.96,6.8911
2023-03-23,26.83,52.1,1.88,6.6185
2023-03-24,26.81,57.34,2.41,6.0437
2023-03-25,25.7,67.57,2.88,5.4372
2023-03-26,25.73,65.58,1.86,5.3275
2023-03-27,26.6,58.1,2.4,6.7082
2023-03-28,27.5,53.03,2.48,6.9396
2023-03-29,27.77,55.6,2.87,5.6146
2023-03-30,27.29,55.19,1.51,5.6237
2023-03-31,27.59,50.58,1.65,6.5534
2023-04-01,27.12,53.43,1.99,5.9962
2023-04-02,27.67,53.21,2.28,6.1418
2023-04-03,28.34,48.42,2.32,6.4822
2023-04-04,26.26,62.97,2.13,4.535
2023-04-05,27.05,59.49,2.4,5.7758
2023-04-06,27.19,52.24,3.26,6.2448
2023-04-07,26.87,52.28,4.13,6.8515
2023-04-08,26.54,50.93,5.07,7.4998
2023-04-09,26.71,48.02,4.23,7.5518
2023-04-10,27.36,46.57,4.42,7.4578
2023-04-11,27.58,34.86,3.75,7.6774
2023-04-12,27.02,33.87,3.62,7.7203
2023-04-13,28.88,27.2,3.98,7.823
2023-04-14,28.34,28.79,3.76,7.5041
2023-04-15,28.42,30.05,3.42,6.4903
2023-04-16,27.88,33.91,3.63,7.2031
2023-04-17,28.3,31.27,4.35,7.4945
2023-04-18,28.72,33.73,4.04,7.7304
2023-04-19,29.02,35.1,2.98,7.5569
2023-04-20,30.24,34.99,2.26,7.2298
2023-04-21,30.16,41.28,2.73,6.5254
2023-04-22,29.62,46.07,2.4,5.905
2023-04-23,28.42,54.25,2.54,6.2388
2023-04-24,28.21,52.99,4.56,6.6379
2023-04-25,27.88,49.99,3.38,6.0353
2023-04-26,28.07,51.17,3.24,5.6023
2023-04-27,28.51,49.52,3.39,5.8138
2023-04-28,29.09,46.23,4.34,6.3278
2023-04-29,27.96,56.71,3.65,5.3393
2023-04-30,26.51,67.15,2.65,5.9381
2023-05-01,24.41,78.9,2.77,4.5295
2023-05-02,25.42,73.04,1.56,5.8598
2023-05-03,25.56,73.72,2.9,4.8034
2023-05-04,24.75,75.59,1.55,5.4343
2023-05-05,23.04,84.99,2.31,5.0974
2023-05-06,23.83,80.99,2.06,5.0362
2023-05-07,24.48,80.3,2.74,3.817
2023-05-08,24.6,79.76,2.26,4.5732
2023-05-09,26.62,71.52,2.1,6.2863
2023-05-10,27.29,65.02,2.77,6.4846
2023-05-11,27.79,63.65,2.34,5.8642
2023-05-12,28.05,63.55,2.48,5.7077
2023-05-13,27.4,65.87,4.37,5.0808
2023-05-14,28.21,64.77,4.42,6.7879
2023-05-15,28.35,62.61,3.74,7.2259
2023-05-16,28.66,59.2,3.0,7.314
2023-05-17,29.4,48.21,1.3,6.7517
2023-05-18,29.29,52.95,2.61,6.0106
2023-05-19,27.4,64.8,2.06,6.5434
2023-05-20,27.63,65.0,2.91,6.6142
2023-05-21,27.7,67.02,1.77,6.4462
2023-05-22,28.0,63.47,2.44,6.4027
2023-05-23,27.18,64.86,2.19,6.5326
2023-05-24,26.34,67.66,2.74,6.5801
2023-05-25,26.66,68.18,2.76,6.5818
2023-05-26,27.38,64.95,3.18,6.7606
2023-05-27,27.63,63.38,3.06,7.1863
2023-05-28,27.92,60.34,2.84,6.588
2023-05-29,28.34,58.54,2.75,6.0206
2023-05-30,26.22,70.95,2.44,5.2992
2023-05-31,26.78,66.95,1.16,5.9885
2023-06-01,26.1,70.34,2.85,5.9275
2023-06-02,25.76,65.18,3.32,5.9592
2023-06-03,28.04,63.65,3.72,6.3384
2023-06-04,27.85,64.81,3.49,5.3239
2023-06-05,26.24,71.14,3.91,6.5095
2023-06-06,27.02,69.33,4.07,7.0961
2023-06-07,26.66,70.21,4.51,6.6794
2023-06-08,25.07,74.53,4.15,6.798
2023-06-09,26.07,69.63,4.96,6.8674
2023-06-10,25.97,67.01,6.52,6.5873
2023-06-11,26.26,66.54,5.82,5.85
2023-06-12,25.89,73.9,5.14,6.4565
2023-06-13,26.43,69.74,5.1,6.7867
2023-06-14,26.15,69.55,5.85,6.535
2023-06-15,27.04,65.7,5.21,6.5539
2023-06-16,27.25,64.4,5.12,7.2182
2023-06-17,26.7,66.91,4.86,6.0216
2023-06-18,25.18,72.95,4.97,3.7478
2023-06-19,24.95,74.63,4.41,4.061
2023-06-20,24.58,77.28,2.94,2.9738
2023-06-21,23.83,80.71,2.86,3.7366
2023-06-22,25.19,72.44,3.4,5.7542
2023-06-23,24.35,70.19,4.68,5.4026
2023-06-24,23.46,80.66,4.86,4.3886
2023-06-25,23.97,79.43,4.38,5.3198
2023-06-26,24.06,69.79,5.46,4.506
2023-06-27,24.13,69.59,5.2,5.1209
2023-06-28,24.59,67.44,5.63,5.0429
2023-06-29,24.14,73.18,5.39,4.644
2023-06-30,24.74,68.23,5.9,5.9441
2023-07-01,24.36,69.36,5.73,5.7271
2023-07-02,23.45,78.99,5.85,4.2305
2023-07-03,23.74,79.68,5.95,5.2601
2023-07-04,23.55,81.15,6.64,3.4733
2023-07-05,22.76,78.77,7.27,3.7082
2023-07-06,23.17,74.78,7.98,3.7759
2023-07-07,24.12,75.76,5.98,4.116
2023-07-08,23.91,75.39,5.39,3.7586
2023-07-09,24.37,74.53,4.8,4.4234
2023-07-10,23.88,77.24,4.28,4.0423
2023-07-11,24.05,72.74,5.98,3.4778
2023-07-12,23.94,70.69,5.91,5.4216
2023-07-13,23.93,72.57,5.73,4.6517
2023-07-14,23.93,75.52,5.76,4.9118
2023-07-15,24.2,73.86,5.37,5.2253
2023-07-16,24.78,74.88,4.92,4.5708
2023-07-17,24.72,74.93,5.87,4.8931
2023-07-18,25.01,71.83,7.34,5.2358
2023-07-19,24.22,74.78,8.67,4.0546
2023-07-20,24.37,73.51,9.02,5.0158
2023-07-21,23.92,78.03,8.83,3.931
2023-07-22,24.12,74.01,8.6,3.3271
2023-07-23,24.13,74.91,8.14,3.1944
2023-07-24,23.11,82.1,7.15,2.8824
2023-07-25,22.19,83.33,7.02,2.6203
2023-07-26,22.54,83.91,7.39,2.8092
2023-07-27,22.44,79.91,8.0,4.1527
2023-07-28,24.12,74.43,7.49,4.3313
2023-07-29,24.68,72.27,7.5,4.6901
2023-07-30,25.12,70.97,6.85,5.7288
2023-07-31,25.44,70.58,6.36,5.1163
2023-08-01,24.98,71.59,7.04,5.0902
2023-08-02,24.9,70.25,7.29,5.3441
2023-08-03,25.23,70.11,6.85,5.3246
2023-08-04,25.23,70.8,6.12,5.0957
2023-08-05,25.21,69.67,6.04,5.1053
2023-08-06,25.2,72.48,4.95,5.3249
2023-08-07,25.48,68.55,4.84,5.4132
2023-08-08,25.42,69.1,4.03,5.069
2023-08-09,25.69,69.25,3.5,5.5442
2023-08-10,24.72,75.78,3.06,5.4612
2023-08-11,24.78,75.53,2.54,5.0342
2023-08-12,24.95,72.26,3.7,4.1976
2023-08-13,25.38,68.72,3.97,5.778
2023-08-14,24.76,68.83,3.61,5.555
2023-08-15,25.05,69.23,3.08,6.7279
2023-08-16,25.83,67.96,3.46,6.8606
2023-08-17,25.63,67.5,4.87,5.9405
2023-08-18,24.88,69.41,5.81,4.8977
2023-08-19,25.06,70.47,6.1,4.332
2023-08-20,25.73,68.72,5.09,5.0448
2023-08-21,26.15,65.07,4.26,6.2714
2023-08-22,25.78,70.76,2.24,5.4826
2023-08-23,25.72,70.03,2.54,5.6544
2023-08-24,25.7,66.44,3.61,6.0115
2023-08-25,26.59,65.04,2.92,6.3418
2023-08-26,24.83,74.07,3.12,5.995
2023-08-27,25.34,71.7,2.79,5.2138
2023-08-28,26.0,65.56,3.57,6.2222
2023-08-29,26.2,65.39,3.65,5.6503
2023-08-30,26.3,69.32,3.74,6.2851
2023-08-31,24.33,78.26,2.49,4.8826
2023-09-01,24.07,85.11,2.04,5.8205
2023-09-02,23.26,83.89,4.04,5.1139
2023-09-03,23.12,79.31,3.99,5.5742
2023-09-04,22.15,78.67,6.24,4.1539
2023-09-05,23.34,78.72,5.37,4.0738
2023-09-06,23.08,80.92,4.6,4.4597
2023-09-07,23.22,77.75,5.4,4.8653
2023-09-08,23.62,76.77,5.79,4.9495
2023-09-09,23.68,76.62,5.36,6.0307
2023-09-10,24.0,77.58,4.99,5.5183
2023-09-11,23.54,79.91,5.24,4.5161
2023-09-12,24.02,76.38,5.13,5.5428
2023-09-13,24.45,72.22,5.6,5.1931
2023-09-14,24.24,74.66,5.11,4.5266
2023-09-15,23.3,76.84,5.5,4.7122
2023-09-16,24.14,77.79,5.26,4.4875
2023-09-17,24.23,79.41,4.17,4.6802
2023-09-18,23.93,81.3,3.97,5.2526
2023-09-19,24.37,78.67,3.97,5.9942
2023-09-20,23.65,82.25,3.38,5.6381
2023-09-21,22.21,87.94,2.35,4.7813
2023-09-22,24.01,83.03,2.16,5.8013
2023-09-23,23.3,87.69,2.62,5.6866
2023-09-24,22.78,88.99,3.47,5.556
2023-09-25,21.94,88.87,3.85,4.7494
2023-09-26,23.29,84.1,3.04,5.5946
2023-09-27,23.42,80.3,4.0,5.2157
2023-09-28,22.35,85.74,3.96,4.5271
2023-09-29,22.86,84.89,4.74,4.6721
2023-09-30,22.5,78.31,5.58,4.0836
2023-10-01,23.34,79.94,5.9,4.2302
2023-10-02,23.5,78.2,5.44,5.1854
2023-10-03,23.81,76.74,3.71,6.2395
2023-10-04,24.2,74.55,2.29,6.295
2023-10-05,23.68,82.26,2.84,5.927
2023-10-06,23.46,81.41,2.07,4.8036
2023-10-07,24.45,79.65,1.71,4.3272
2023-10-08,24.43,76.24,1.25,4.2598
2023-10-09,24.19,84.04,1.54,4.2154
2023-10-10,23.86,86.72,1.05,4.8055
2023-10-11,23.17,86.39,3.02,4.1837
2023-10-12,22.99,77.04,3.23,4.8533
2023-10-13,22.71,72.33,3.08,6.4325
2023-10-14,22.82,76.59,2.64,5.5495
2023-10-15,23.45,76.4,2.57,4.9279
2023-10-16,23.08,83.74,2.75,4.5686
2023-10-17,23.9,78.52,2.28,5.2608
2023-10-18,23.39,77.75,2.74,5.6674
2023-10-19,23.58,72.69,2.92,5.5567
2023-10-20,23.84,74.35,3.01,5.7401
2023-10-21,23.92,75.04,3.24,5.0554
2023-10-22,23.93,72.35,2.92,5.2879
2023-10-23,23.34,62.23,2.82,5.0347
2023-10-24,22.58,54.78,2.51,6.0686
2023-10-25,22.76,65.71,2.3,6.0418
2023-10-26,22.9,66.52,2.41,5.7178
2023-10-27,23.76,70.61,3.07,5.2224
2023-10-28,24.11,74.2,3.11,5.0208
2023-10-29,23.96,78.45,3.07,4.6678
2023-10-30,22.43,84.5,3.35,3.9946
2023-10-31,22.52,80.85,2.56,3.9187
2023-11-01,23.75,71.07,2.84,4.6082
2023-11-02,24.33,75.63,3.07,4.5722
2023-11-03,24.67,75.46,3.39,4.9548
2023-11-04,23.59,80.72,2.85,4.0858
2023-11-05,23.38,80.82,4.15,4.133
2023-11-06,22.57,84.05,1.77,4.4671
2023-11-07,22.92,87.44,2.58,4.3015
2023-11-08,23.21,83.33,2.52,4.0548
2023-11-09,21.91,82.61,3.43,3.9648
2023-11-10,22.32,80.06,3.18,4.015
2023-11-11,22.73,70.21,3.8,5.7122
2023-11-12,21.8,72.96,4.06,5.2006
2023-11-13,22.17,75.51,4.01,5.201
2023-11-14,21.24,74.86,4.04,2.4343
2023-11-15,22.41,74.97,2.93,4.4009
2023-11-16,23.53,68.97,2.08,4.2127
2023-11-17,23.99,72.46,2.68,4.5041
2023-11-18,24.23,69.92,3.86,4.6318
2023-11-19,23.69,71.31,4.56,5.5805
2023-11-20,23.29,73.29,4.04,5.2898
2023-11-21,23.3,81.16,4.15,4.201
2023-11-22,23.81,82.39,3.59,3.5585
2023-11-23,23.1,79.89,3.88,3.3595
2023-11-24,23.59,80.53,3.43,3.8023
2023-11-25,23.2,80.64,4.01,3.4529
2023-11-26,22.95,75.62,5.13,3.9814
2023-11-27,23.29,76.21,4.1,4.5108
2023-11-28,23.55,74.94,3.49,4.2965
2023-11-29,23.02,79.49,3.68,3.8786
2023-11-30,22.83,78.56,3.61,3.3142
2023-12-01,23.01,77.08,3.1,2.6602
2023-12-02,23.1,76.81,4.67,4.1887
2023-12-03,22.99,83.8,5.4,2.7982
2023-12-04,22.51,80.6,5.72,2.0162
2023-12-05,22.96,74.96,4.54,3.8194
2023-12-06,23.94,69.85,1.92,4.9594
2023-12-07,24.4,75.7,1.23,4.2156
2023-12-08,22.91,83.37,2.68,3.2693
2023-12-09,22.14,79.77,3.74,3.2666
2023-12-10,23.37,71.79,3.36,4.2269
2023-12-11,22.86,70.75,2.71,4.1201
2023-12-12,22.07,70.08,3.14,3.7735
2023-12-13,20.93,69.8,3.41,4.3351
2023-12-14,20.79,68.88,3.54,4.789
2023-12-15,22.24,74.55,3.42,4.2142
2023-12-16,23.62,76.17,4.6,3.6168
2023-12-17,22.44,76.16,4.94,2.4715
2023-12-18,21.89,76.92,4.81,2.2968
2023-12-19,21.65,70.29,5.0,5.1031
2023-12-20,21.8,69.16,4.25,3.359
2023-12-21,22.6,71.23,3.21,4.2046
2023-12-22,22.57,66.5,2.68,4.6356
2023-12-23,20.65,63.98,3.22,5.1521
2023-12-24,21.33,69.65,3.77,5.5066
2023-12-25,22.57,69.52,4.38,3.5414
2023-12-26,21.15,64.59,4.13,5.8891
2023-12-27,21.1,65.59,4.18,6.0295
2023-12-28,21.81,71.73,4.59,4.6913
2023-12-29,22.39,71.92,4.56,3.3857
2023-12-30,22.3,64.82,4.12,5.0501
2023-12-31,21.19,64.84,3.91,5.4226
2024-01-01,21.79,66.01,2.64,4.6692
2024-01-02,22.42,65.44,3.18,4.3968
2024-01-03,22.27,67.87,3.01,2.9746
2024-01-04,21.31,76.24,3.06,2.4643
2024-01-05,22.83,71.45,3.07,3.2774
2024-01-06,22.68,63.46,3.94,4.6908
2024-01-07,22.07,69.71,4.92,4.3327
2024-01-08,22.07,76.51,5.78,2.1046
2024-01-09,21.82,73.88,5.31,2.7516
2024-01-10,22.03,64.75,4.98,3.7015
2024-01-11,22.2,61.36,4.48,5.6186
2024-01-12,21.92,67.84,5.17,5.8423
2024-01-13,23.11,65.34,3.92,4.7328
2024-01-14,23.01,62.41,3.56,5.2022
2024-01-15,22.66,62.3,2.91,5.3981
2024-01-16,22.47,63.77,2.42,5.3585
2024-01-17,22.64,62.55,3.06,5.6052
2024-01-18,22.87,60.5,2.78,5.2102
2024-01-19,23.26,59.9,3.03,5.2651
2024-01-20,24.38,61.49,2.68,5.381
2024-01-21,24.3,55.99,2.92,5.9309
2024-01-22,24.69,56.86,2.97,5.8181
2024-01-23,24.02,58.65,2.96,5.7302
2024-01-24,24.67,58.14,3.06,4.8415
2024-01-25,24.33,58.3,3.87,4.8574
2024-01-26,23.48,55.6,4.33,6.0598
2024-01-27,23.4,57.28,4.85,5.898
2024-01-28,23.36,57.43,4.73,5.027
2024-01-29,23.32,50.92,4.04,5.7353
2024-01-30,23.19,49.81,2.19,5.8188
2024-01-31,24.46,53.75,2.25,6.1066
2024-02-01,24.97,50.47,1.94,5.8817
2024-02-02,25.87,58.5,2.42,4.9577
2024-02-03,26.01,59.42,4.23,4.7189
2024-02-04,24.62,54.71,4.01,6.1826
2024-02-05,24.4,52.11,4.39,6.4555
2024-02-06,24.68,50.93,4.19,6.5568
2024-02-07,24.82,47.97,3.81,6.7406
2024-02-08,25.54,43.08,3.73,6.0986
2024-02-09,24.94,50.18,4.0,6.5364
2024-02-10,24.8,54.69,4.99,6.391
2024-02-11,24.37,53.62,4.84,6.5136
2024-02-12,23.72,49.69,4.8,6.8712
2024-02-13,23.64,54.16,4.44,6.7421
2024-02-14,25.01,54.3,4.93,6.4478
2024-02-15,24.36,48.11,5.01,6.6646
2024-02-16,23.95,48.35,5.43,6.7742
2024-02-17,24.41,43.7,4.31,6.8369
2024-02-18,24.82,40.29,2.61,6.7915
2024-02-19,25.16,46.88,3.0,6.6053
2024-02-20,25.94,47.8,3.08,6.4495
2024-02-21,26.83,43.26,2.77,5.7509
2024-02-22,26.81,37.48,2.45,6.2122
2024-02-23,27.94,41.9,2.13,6.5249
2024-02-24,27.94,50.85,3.94,5.2898
2024-02-25,27.01,53.84,5.19,5.7096
2024-02-26,25.77,53.68,5.81,6.4426
2024-02-27,26.26,51.5,5.19,6.845
2024-02-28,26.17,43.44,4.23,7.1026
2024-02-29,25.22,37.74,4.68,7.2878
2024-03-01,25.11,44.27,4.97,7.1021
2024-03-02,26.16,34.8,3.85,6.217
2024-03-03,26.53,37.82,2.44,6.8525
2024-03-04,27.48,42.52,2.66,6.9146
2024-03-05,27.79,39.04,3.3,7.0296
2024-03-06,27.96,34.72,2.48,5.957
2024-03-07,27.51,32.7,2.86,6.8724
2024-03-08,28.38,33.42,2.8,6.0439
2024-03-09,28.7,36.9,3.45,6.1651
2024-03-10,28.17,42.9,4.51,6.2098
2024-03-11,27.71,46.56,3.85,6.1051
2024-03-12,27.92,42.51,3.3,6.4613
2024-03-13,28.33,36.4,2.67,6.0422
2024-03-14,29.15,35.74,1.98,5.7499
2024-03-15,29.74,32.72,3.9,5.7254
2024-03-16,28.32,39.85,4.36,6.228
2024-03-17,27.58,41.89,4.66,6.9787
2024-03-18,27.58,35.71,3.18,6.9415
2024-03-19,27.92,35.08,3.65,7.1261
2024-03-20,27.99,39.81,3.39,7.1129
2024-03-21,27.62,48.86,4.35,6.8477
2024-03-22,28.26,47.77,3.5,5.7528
2024-03-23,28.7,45.02,4.04,6.8602
2024-03-24,28.52,37.38,4.1,7.0406
2024-03-25,28.14,37.94,4.55,7.183
2024-03-26,28.38,32.0,4.86,7.2991
2024-03-27,27.77,24.91,4.74,7.7232
2024-03-28,28.3,28.23,4.11,7.4462
2024-03-29,28.96,35.78,4.7,7.1597
2024-03-30,28.97,32.79,4.63,7.3193
2024-03-31,28.01,34.86,3.49,7.6843
2024-04-01,28.77,43.72,2.62,7.2989
2024-04-02,29.86,42.01,3.77,7.3301
2024-04-03,29.63,34.74,4.08,7.0728
2024-04-04,29.91,37.18,4.75,7.5499
2024-04-05,30.47,34.14,4.34,7.0831
2024-04-06,30.22,29.35,4.57,7.0584
2024-04-07,30.1,29.66,4.84,7.3908
2024-04-08,29.83,33.49,4.27,7.5859
2024-04-09,28.98,45.72,5.32,7.4282
2024-04-10,29.14,44.24,4.61,7.4993
2024-04-11,29.5,45.52,4.56,7.362
2024-04-12,29.38,48.41,5.13,6.1975
2024-04-13,28.89,45.34,4.57,6.3487
2024-04-14,29.35,42.68,4.34,7.231
2024-04-15,29.46,40.4,4.71,7.393
2024-04-16,29.86,41.01,4.39,7.4837
2024-04-17,31.1,39.48,3.68,6.1531
2024-04-18,32.38,35.6,3.42,5.8142
2024-04-19,32.25,38.4,3.17,5.8274
2024-04-20,32.29,35.34,3.55,5.0369
2024-04-21,31.51,36.31,4.06,7.0224
2024-04-22,31.04,38.53,4.16,7.1218
2024-04-23,30.74,36.86,4.86,7.5835
2024-04-24,30.14,34.09,4.39,7.3574
2024-04-25,30.56,35.82,4.09,6.6355
2024-04-26,30.35,37.95,4.37,7.2494
2024-04-27,30.17,36.2,4.42,7.6658
2024-04-28,31.01,33.9,4.37,7.6094
2024-04-29,31.13,34.72,3.86,7.6421
2024-04-30,31.18,33.28,3.75,7.1923
2024-05-01,32.19,40.26,2.18,6.6912
2024-05-02,31.55,46.53,1.51,6.3149
2024-05-03,32.08,46.05,3.51,4.7026
2024-05-04,30.68,53.19,3.1,6.631
2024-05-05,31.51,45.24,2.98,7.1302
2024-05-06,31.11,50.47,3.15,6.8162
2024-05-07,29.33,61.21,2.79,6.5136
2024-05-08,27.81,67.26,2.1,6.0266
2024-05-09,27.9,65.0,2.34,5.5752
2024-05-10,27.24,66.12,2.05,5.7286
2024-05-11,27.78,62.43,2.84,5.8742
2024-05-12,27.58,66.51,2.04,5.399
2024-05-13,26.59,72.13,3.02,4.8948
2024-05-14,26.72,67.12,2.77,5.1497
2024-05-15,27.93,59.1,3.64,5.5126
2024-05-16,26.27,67.07,2.8,4.2886
2024-05-17,27.07,62.09,1.56,3.9274
2024-05-18,26.35,72.27,1.93,4.8763
2024-05-19,25.47,77.32,2.94,3.846
2024-05-20,24.26,74.87,2.37,4.2406
2024-05-21,25.3,75.09,2.46,4.2142
2024-05-22,27.22,66.64,3.08,5.371
2024-05-23,27.76,66.14,3.0,5.3381
2024-05-24,27.48,68.09,2.51,4.4227
2024-05-25,23.97,78.53,5.83,3.931
2024-05-26,25.76,72.11,6.79,4.3222
2024-05-27,26.18,71.83,6.25,5.3162
2024-05-28,26.91,67.32,6.34,5.2099
2024-05-29,26.38,70.88,6.23,5.579
2024-05-30,26.81,73.37,4.05,6.1001
2024-05-31,27.73,69.5,4.5,6.515
2024-06-01,26.79,76.94,4.13,4.9337
2024-06-02,25.43,76.2,2.57,6.221
2024-06-03,25.77,75.81,2.11,5.328
2024-06-04,25.52,80.04,2.22,5.7775
2024-06-05,25.08,81.88,2.74,5.6239
2024-06-06,24.8,79.55,3.37,5.2913
2024-06-07,24.39,79.88,3.63,5.4223
2024-06-08,24.68,76.33,5.72,5.7374
2024-06-09,24.1,77.24,7.05,5.2565
2024-06-10,23.85,77.15,7.41,5.3798
2024-06-11,23.05,75.23,6.96,5.3789
2024-06-12,23.19,76.47,6.79,4.6418
2024-06-13,23.52,70.07,6.68,5.3717
2024-06-14,23.26,67.88,5.5,5.9542
2024-06-15,24.43,75.55,4.67,6.4594
2024-06-16,24.99,70.76,5.37,6.1063
2024-06-17,24.99,70.14,3.9,6.3233
2024-06-18,24.54,74.7,4.68,5.1504
2024-06-19,23.9,75.73,5.47,5.406
2024-06-20,24.04,76.7,6.03,5.2378
2024-06-21,23.39,78.43,6.14,5.4437
2024-06-22,23.53,77.45,5.25,5.6326
2024-06-23,23.14,80.35,5.89,4.8228
2024-06-24,23.15,79.01,6.7,4.9061
2024-06-25,22.96,76.03,8.05,4.5324
2024-06-26,22.6,72.34,8.86,4.2209
2024-06-27,21.71,75.45,8.41,3.0864
2024-06-28,23.17,70.67,6.48,4.8686
2024-06-29,24.5,75.07,5.98,5.3093
2024-06-30,24.12,74.09,5.39,3.893
2024-07-01,22.67,79.96,6.47,3.3629
2024-07-02,24.44,68.84,6.31,4.5718
2024-07-03,24.21,77.65,5.86,4.9879
2024-07-04,25.0,72.65,5.85,4.5924
2024-07-05,23.21,76.78,5.74,5.0263
2024-07-06,23.3,81.21,6.88,3.8333
2024-07-07,24.09,74.45,6.32,4.7374
2024-07-08,23.61,76.58,5.92,3.8256
2024-07-09,23.33,79.82,5.54,4.1878
2024-07-10,23.77,78.23,4.53,5.8958
2024-07-11,24.59,72.48,5.44,5.2073
2024-07-12,23.68,74.28,5.68,5.2298
2024-07-13,23.06,77.05,7.26,4.2062
2024-07-14,23.54,77.38,7.96,3.0418
2024-07-15,23.41,83.47,7.75,2.2373
2024-07-16,23.28,83.89,8.22,2.975
2024-07-17,23.16,81.76,8.08,3.7022
2024-07-18,22.87,82.43,9.21,3.0355
2024-07-19,23.41,81.24,9.39,2.5894
2024-07-20,23.5,79.93,8.24,3.9629
2024-07-21,23.95,77.52,8.56,3.5292
2024-07-22,23.87,74.93,8.69,4.0994
2024-07-23,23.7,74.24,8.84,3.9326
2024-07-24,23.28,77.29,8.81,3.6749
2024-07-25,23.47,76.68,9.78,3.7349
2024-07-26,23.74,76.51,9.19,3.5234
2024-07-27,23.92,74.42,8.55,4.596
2024-07-28,24.11,75.17,8.3,3.0718
2024-07-29,24.83,76.06,7.77,3.6389
2024-07-30,23.67,80.98,6.19,3.785
2024-07-31,24.15,80.81,5.77,4.0807
2024-08-01,24.59,78.23,6.52,4.1508
2024-08-02,23.9,76.65,6.77,4.1182
2024-08-03,23.11,78.88,5.75,4.6001
2024-08-04,22.97,80.31,5.19,5.4679
2024-08-05,24.2,76.69,3.6,4.703
2024-08-06,23.47,84.08,3.92,4.0838
2024-08-07,23.06,84.39,3.98,4.0524
2024-08-08,23.87,78.59,4.0,3.5794
2024-08-09,24.52,78.73,3.21,4.8062
2024-08-10,24.24,80.97,3.29,5.143
2024-08-11,24.13,82.21,3.75,5.1197
2024-08-12,23.47,89.22,3.24,5.1118
2024-08-13,25.07,81.26,2.36,6.0463
2024-08-14,25.2,80.58,1.79,6.3823
2024-08-15,25.11,78.63,2.33,5.7458
2024-08-16,25.21,80.85,2.39,4.9596
2024-08-17,24.68,86.66,3.32,5.8039
2024-08-18,24.71,79.4,2.31,5.3393
2024-08-19,24.44,81.31,2.41,5.1338
2024-08-20,24.65,81.28,2.4,5.3897
2024-08-21,24.22,83.68,4.02,5.1982
2024-08-22,23.63,84.28,4.29,5.9407
2024-08-23,23.9,81.4,4.36,6.2597
2024-08-24,23.08,81.14,5.86,5.3467
2024-08-25,23.04,83.49,5.7,4.8571
2024-08-26,23.74,78.99,6.4,4.8214
2024-08-27,22.98,84.27,4.95,4.5864
2024-08-28,22.7,82.71,5.16,3.9751
2024-08-29,23.53,82.54,5.43,3.2242
2024-08-30,22.87,86.58,5.68,4.4923
2024-08-31,22.57,83.17,6.45,3.8071
2024-09-01,22.91,78.88,7.02,5.4158
2024-09-02,22.85,78.69,6.22,4.8168
2024-09-03,23.73,80.39,5.01,4.7786
2024-09-04,23.5,83.56,4.97,5.0194
2024-09-05,23.42,84.37,4.67,5.2807
2024-09-06,23.44,83.69,5.25,4.099
2024-09-07,23.32,83.74,4.94,4.2391
2024-09-08,23.43,81.96,5.31,4.4544
2024-09-09,24.06,79.45,6.01,4.4131
2024-09-10,23.99,80.44,6.17,5.2572
2024-09-11,23.94,78.03,5.59,5.279
2024-09-12,23.36,79.58,4.99,5.1542
2024-09-13,24.15,75.02,4.53,5.6174
2024-09-14,24.32,73.26,4.58,5.604
2024-09-15,24.25,73.69,5.25,5.4986
2024-09-16,23.91,75.21,5.19,5.743
2024-09-17,24.21,73.5,5.02,5.9345
2024-09-18,23.71,71.61,4.15,6.9492
2024-09-19,24.46,70.36,3.4,6.2434
2024-09-20,24.51,73.93,2.68,6.079
2024-09-21,24.91,73.99,4.13,5.3299
2024-09-22,24.12,77.18,4.25,4.7395
2024-09-23,23.66,80.93,3.98,4.3846
2024-09-24,23.96,82.0,4.79,3.7939
2024-09-25,24.05,80.65,5.12,4.1765
2024-09-26,23.34,78.1,4.26,3.661
2024-09-27,24.03,75.84,3.5,4.8583
2024-09-28,24.43,77.61,2.05,5.0258
2024-09-29,24.86,77.25,2.31,5.2058
2024-09-30,24.85,74.34,2.42,5.6525
2024-10-01,25.23,71.0,2.42,5.7065
2024-10-02,25.74,74.57,1.86,5.8078
2024-10-03,24.24,86.78,2.68,4.9044
2024-10-04,23.56,88.22,2.14,4.9637
2024-10-05,23.64,85.88,2.42,4.2322
2024-10-06,21.57,88.67,2.99,4.3555
2024-10-07,22.77,80.49,3.16,4.6642
2024-10-08,23.56,83.42,3.44,5.1617
2024-10-09,23.68,84.71,3.38,5.2709
2024-10-10,23.55,84.57,3.08,4.7846
2024-10-11,23.34,86.63,3.08,4.4441
2024-10-12,22.71,88.12,3.04,4.4498
2024-10-13,22.95,87.62,3.13,4.3073
2024-10-14,22.56,86.91,2.83,3.0667
2024-10-15,22.27,90.86,2.66,1.7501
2024-10-16,22.09,92.1,2.81,2.9335
2024-10-17,23.47,89.62,3.11,4.0884
2024-10-18,22.53,83.82,3.04,4.9718
2024-10-19,22.6,89.99,2.44,2.9042
2024-10-20,23.21,85.94,1.64,4.5046
2024-10-21,23.65,86.16,2.21,4.8816
2024-10-22,23.84,83.77,1.05,4.3874
2024-10-23,23.74,83.77,1.54,4.6678
2024-10-24,22.95,86.25,1.05,3.5054
2024-10-25,23.01,81.46,2.06,4.8254
2024-10-26,22.06,79.41,2.87,5.1511
2024-10-27,21.66,85.42,2.8,5.1168
2024-10-28,22.47,80.11,1.9,5.4137
2024-10-29,23.55,79.61,1.65,5.5471
2024-10-30,23.84,81.77,1.0,4.847
2024-10-31,23.12,88.36,2.0,3.9732
2024-11-01,23.33,86.25,2.21,4.3807
2024-11-02,23.07,83.78,2.9,4.7278
2024-11-03,22.74,84.06,3.1,4.8874
2024-11-04,22.55,84.22,3.41,4.3234
2024-11-05,21.81,81.66,2.82,5.1254
2024-11-06,22.01,81.61,2.96,5.4125
2024-11-07,22.89,85.4,3.29,2.7823
2024-11-08,22.66,83.48,3.8,5.0659
2024-11-09,21.87,83.65,3.81,5.4214
2024-11-10,21.25,81.78,3.04,5.6383
2024-11-11,20.97,80.24,3.15,5.3556
2024-11-12,21.46,84.57,3.12,1.9169
2024-11-13,22.54,86.86,4.07,3.4414
2024-11-14,22.68,86.35,3.55,2.9657
2024-11-15,22.42,88.31,3.3,3.311
2024-11-16,22.39,87.44,3.73,3.7214
2024-11-17,22.3,84.27,3.75,3.5208
2024-11-18,22.42,83.73,3.93,4.2521
2024-11-19,22.1,81.83,3.73,4.3337
2024-11-20,21.33,80.95,3.17,4.0932
2024-11-21,21.3,75.73,2.39,4.4086
2024-11-22,20.88,80.05,2.55,5.4562
2024-11-23,20.95,76.81,2.29,4.3925
2024-11-24,21.82,78.74,2.79,4.566
2024-11-25,20.5,80.35,3.4,4.3817
2024-11-26,20.5,87.3,3.88,3.1366
2024-11-27,21.49,81.47,4.68,3.4195
2024-11-28,21.08,73.07,4.91,4.8746
2024-11-29,20.94,85.17,4.92,3.5347
2024-11-30,22.04,87.94,5.84,1.3514
2024-12-01,21.37,93.28,6.35,0.9924
2024-12-02,21.68,95.42,5.86,1.213
2024-12-03,22.75,91.01,5.04,3.2275
2024-12-04,22.53,86.65,3.86,4.4119
2024-12-05,22.52,86.26,2.99,4.3198
2024-12-06,22.22,82.87,2.27,5.4386
2024-12-07,22.4,85.31,2.51,5.0366
2024-12-08,22.03,82.86,2.81,5.2618
2024-12-09,22.14,84.98,2.35,4.805
2024-12-10,22.28,83.87,2.77,4.535
2024-12-11,22.12,84.0,3.92,3.2054
2024-12-12,21.01,91.45,3.93,1.8175
2024-12-13,20.92,88.31,4.36,2.0753
2024-12-14,20.81,82.59,4.15,3.869
2024-12-15,18.63,81.78,3.75,5.6213
2024-12-16,17.56,77.23,3.09,5.6208
2024-12-17,19.9,79.26,2.18,4.4935
2024-12-18,21.07,85.17,3.0,3.954
2024-12-19,22.74,84.57,2.77,3.5623
2024-12-20,22.74,84.16,2.45,4.1674
2024-12-21,23.63,77.28,1.61,4.5797
2024-12-22,22.65,77.5,1.75,3.9756
2024-12-23,21.99,79.4,2.24,3.8666
2024-12-24,21.75,75.83,1.59,4.3836
2024-12-25,21.8,80.79,2.71,3.1099
2024-12-26,22.36,83.8,4.28,2.3743
2024-12-27,21.66,84.3,5.07,3.5131
2024-12-28,20.88,79.38,4.18,4.5278
2024-12-29,20.86,78.6,3.78,5.6102
2024-12-30,21.2,75.5,4.86,3.4978
2024-12-31,20.78,75.91,4.55,5.7787
